-- phpMyAdmin SQL Dump
-- version 5.0.4
-- https://www.phpmyadmin.net/
--
-- Host: localhost
-- Generation Time: Jan 02, 2021 at 10:49 AM
-- Server version: 10.4.17-MariaDB
-- PHP Version: 8.0.0

SET SQL_MODE = "NO_AUTO_VALUE_ON_ZERO";
START TRANSACTION;
SET time_zone = "+00:00";


/*!40101 SET @OLD_CHARACTER_SET_CLIENT=@@CHARACTER_SET_CLIENT */;
/*!40101 SET @OLD_CHARACTER_SET_RESULTS=@@CHARACTER_SET_RESULTS */;
/*!40101 SET @OLD_COLLATION_CONNECTION=@@COLLATION_CONNECTION */;
/*!40101 SET NAMES utf8mb4 */;

--
-- Database: `heysushil_iapl`
--

-- --------------------------------------------------------

--
-- Table structure for table `heysushil_admin`
--

CREATE TABLE `heysushil_admin` (
  `id` int(8) NOT NULL,
  `name` varchar(100) NOT NULL,
  `email` varchar(100) NOT NULL,
  `type` int(5) NOT NULL,
  `password` varchar(100) NOT NULL
) ENGINE=InnoDB DEFAULT CHARSET=utf8mb4;

--
-- Dumping data for table `heysushil_admin`
--

INSERT INTO `heysushil_admin` (`id`, `name`, `email`, `type`, `password`) VALUES
(1, 'Sachin', 'admin@iapl.com', 1, 'asd');

-- --------------------------------------------------------

--
-- Table structure for table `heysushil_career`
--

CREATE TABLE `heysushil_career` (
  `id` int(8) NOT NULL,
  `job_opening_type` varchar(100) DEFAULT NULL,
  `job_title` varchar(1000) DEFAULT NULL,
  `general_information` text DEFAULT NULL,
  `industry_type` varchar(500) DEFAULT NULL,
  `function_area` varchar(500) DEFAULT NULL,
  `employment_type` varchar(100) DEFAULT NULL,
  `preferred_education` varchar(500) DEFAULT NULL,
  `competencies` text DEFAULT NULL,
  `job_duties` text DEFAULT NULL,
  `number_of_opening` int(8) DEFAULT NULL,
  `opening_date` varchar(20) DEFAULT NULL,
  `ending_date` varchar(20) DEFAULT NULL,
  `active_deactivated` int(2) DEFAULT 0 COMMENT '0: Deactive | 1: Active'
) ENGINE=InnoDB DEFAULT CHARSET=utf8mb4;

--
-- Dumping data for table `heysushil_career`
--

INSERT INTO `heysushil_career` (`id`, `job_opening_type`, `job_title`, `general_information`, `industry_type`, `function_area`, `employment_type`, `preferred_education`, `competencies`, `job_duties`, `number_of_opening`, `opening_date`, `ending_date`, `active_deactivated`) VALUES
(1, 'Fresher', 'Graphic Designer – Layout Artist', '<ul>\r\n<li>Required graphic designer in creating branding, sales and marketing collateral as per defined guidelines.</li>\r\n<li>Liaise with the branding team to discuss their requirements and help to resolve any issues related to the work produced.</li>\r\n<li>Ensure all artwork produced meets the need, requirements and brand values.</li>\r\n<li>Creation of design work, including packaging, display banners, labels, hoardings and other artworks.</li>\r\n<li>Help to produce internal sales and marketing materials.</li>\r\n</ul>\r\n<p>&nbsp;</p>', 'Education', 'Design, Creative, User Experience', 'Full Time', 'Bachelor\'s degree', '<ul>\r\n<li>Photoshop</li>\r\n<li>Indesign</li>\r\n<li>Illustrator</li>\r\n<li>Corel Draw</li>\r\n<li>Graphic Designing</li>\r\n<li>Creative Designing</li>\r\n<li>Illustration</li>\r\n<li>Print Media</li>\r\n<li>Flash</li>\r\n</ul>', '<ul>\r\n<li>Draft mockups of website designs, brochures, iconography, and any other marketing materials required.</li>\r\n<li>Collaborate with marketing teams and management to discuss which mockups are effective, and use their feedback to develop final drafts.</li>\r\n<li>Revise the work of previous designers to create a unified aesthetic for our brand materials.</li>\r\n<li>Work on multiple projects at once, and consistently meet draft deadlines.</li>\r\n<li>Communicate frequently with clients to update them on the progress of the project and to answer any questions they might have.</li>\r\n<li>Other duties as requested.</li>\r\n</ul>\r\n<p>&nbsp;</p>', 1, NULL, NULL, 0),
(2, 'Fresher', 'Sales & Business Development – Executive', '<ul>\r\n<li>Conduct market research to identify selling possibilities and evaluate customer needs.</li>\r\n<li>Actively seek out new sales opportunities through cold calling, networking and social media.</li>\r\n<li>Set up meetings with potential clients and listen to their wishes and concerns.</li>\r\n<li>Prepare and deliver appropriate presentations on services.</li>\r\n<li>Create frequent reviews and reports with sales and financial data.</li>\r\n<li>Negotiate/close deals and handle complaints or objections.</li>\r\n<li>Collaborate with team members to achieve better results.</li>\r\n<li>Gather feedback from customers or prospects and share with internal teams.</li>\r\n</ul>', 'Education', 'Sales, Marketing, Social Networking, Team Player', 'Full Time', 'Bachelor\'s degree and other education', '<ul>\r\n<li>Presentation Skills</li>\r\n<li>Client Relationships</li>\r\n<li>Emphasizing Excellence</li>\r\n<li>Energy Level</li>\r\n<li>Negotiation</li>\r\n<li>Prospecting Skills</li>\r\n<li>Meeting Sales Goals</li>\r\n<li>Creativity</li>\r\n<li>Sales Planning</li>\r\n<li>Independence</li>\r\n<li>Motivation for Sales</li>\r\n</ul>', '<ul>\r\n<li>Maintained open communication with customers, allowing for more accurate profiling of potential business and increased sales.</li>\r\n<li>Manage the prospect/opportunity from initial identification to the enquiry stage and development of the proposal.</li>\r\n<li>Develop sales strategies for the area to meet and exceed sales targets.</li>\r\n<li>Negotiate pricing details with customers in order to secure business, while maximizing target profitability and margins.</li>\r\n<li>Collect and analyze information and prepare data and sales reports.</li>\r\n<li>Perform any other job functions as assigned.</li>\r\n</ul>', 3, NULL, NULL, 0),
(3, 'Experienced', 'Sales & Business Development – Executive', '<ul>\r\n<li>Conduct market research to identify selling possibilities and evaluate customer needs.</li>\r\n<li>Actively seek out new sales opportunities through cold calling, networking and social media.</li>\r\n<li>Set up meetings with potential clients and listen to their wishes and concerns.</li>\r\n<li>Prepare and deliver appropriate presentations on services.</li>\r\n<li>Create frequent reviews and reports with sales and financial data.</li>\r\n<li>Negotiate/close deals and handle complaints or objections.</li>\r\n<li>Collaborate with team members to achieve better results.</li>\r\n<li>Gather feedback from customers or prospects and share with internal teams.</li>\r\n</ul>', 'Education', 'Sales, Marketing, Social Networking, Team Player', 'Full Time', 'Bachelor\'s degree and other education', '<ul>\r\n<li>Presentation Skills</li>\r\n<li>Client Relationships</li>\r\n<li>Emphasizing Excellence</li>\r\n<li>Energy Level</li>\r\n<li>Negotiation</li>\r\n<li>Prospecting Skills</li>\r\n<li>Meeting Sales Goals</li>\r\n<li>Creativity</li>\r\n<li>Sales Planning</li>\r\n<li>Independence</li>\r\n<li>Motivation for Sales</li>\r\n</ul>', '<ul>\r\n<li>Maintained open communication with customers, allowing for more accurate profiling of potential business and increased sales.</li>\r\n<li>Manage the prospect/opportunity from initial identification to the enquiry stage and development of the proposal.</li>\r\n<li>Develop sales strategies for the area to meet and exceed sales targets.</li>\r\n<li>Negotiate pricing details with customers in order to secure business, while maximizing target profitability and margins.</li>\r\n<li>Collect and analyze information and prepare data and sales reports.</li>\r\n<li>Perform any other job functions as assigned.</li>\r\n</ul>', 1, NULL, NULL, 0),
(4, 'Fresher', 'Content Writer', '<p>We are looking for a Content Writer to join our team and enrich our websites with new blog posts, guides and marketing copy.</p>\r\n<p>Content Writer responsibilities include conducting thorough research on industry-related topics, generating ideas for new content types and proofreading articles before publication.</p>\r\n<p>Ultimately, you&rsquo;ll deliver quality writing pieces that appeal to our audiences, attract customers and boost brand awareness.</p>', 'Education', 'Copywriter, Technical Writer, Writer', 'Full Time', 'Bachelor\'s degree and other education', '<ul>\r\n<li>Adaptability</li>\r\n<li>Research</li>\r\n<li>Originality</li>\r\n<li>Search engine optimization (SEO)</li>\r\n<li>Time management</li>\r\n<li>Communication</li>\r\n<li>Editing</li>\r\n<li>Knowledge of social media</li>\r\n</ul>', '<ul>\r\n<li>Research industry-related topics (combining online sources, interviews and studies)</li>\r\n<li>Write a clear marketing copy to promote our products/services</li>\r\n<li>Proofread and edit blog posts before publication</li>\r\n<li>Submit work to editors for input and approval</li>\r\n<li>Coordinate with marketing and design teams to illustrate articles</li>\r\n<li>Conduct simple keyword research and use SEO guidelines to increase web traffic</li>\r\n<li>Promote content on social media</li>\r\n<li>Identify customers&rsquo; needs and gaps in our content and recommend new topics</li>\r\n<li>Ensure all-around consistency (style, fonts, images and tone)</li>\r\n<li>Update website content as needed</li>\r\n</ul>', 1, NULL, NULL, 0);

-- --------------------------------------------------------

--
-- Table structure for table `heysushil_courses`
--

CREATE TABLE `heysushil_courses` (
  `id` int(8) NOT NULL,
  `course_level` int(1) NOT NULL,
  `course_name` varchar(500) NOT NULL,
  `course_code` varchar(50) NOT NULL,
  `course_type` int(1) NOT NULL,
  `course_eligibility` varchar(1000) NOT NULL,
  `accelerated_mode` varchar(1500) NOT NULL,
  `course_duration` varchar(500) NOT NULL,
  `semester_tearm` int(1) NOT NULL COMMENT '1:semester 2: tearm',
  `total_number_of_tearm_or_semester` int(2) NOT NULL,
  `image` varchar(500) NOT NULL,
  `career_option` text NOT NULL
) ENGINE=InnoDB DEFAULT CHARSET=utf8mb4;

--
-- Dumping data for table `heysushil_courses`
--

INSERT INTO `heysushil_courses` (`id`, `course_level`, `course_name`, `course_code`, `course_type`, `course_eligibility`, `accelerated_mode`, `course_duration`, `semester_tearm`, `total_number_of_tearm_or_semester`, `image`, `career_option`) VALUES
(2, 1, 'Automobile Engineering', 'DAPAE006', 1, 'Must pass minimum SSC from a recognised board', 'Any professional with one or more year of working experience can opt.', '1 Year to 3 Years', 2, 3, '', ''),
(3, 1, 'Business Management', 'DAPBM001', 2, 'Must pass minimum SSC from a recognised board', 'Any professional with one or more year of working experience can opt.', '9 Months to 1 Year', 1, 2, '', ''),
(4, 1, 'Civil Engineering', 'DAPCE002', 1, 'Must pass minimum SSC from a recognised board', 'Any professional with one or more year of working experience can opt.', '1 Year to 3 Years', 2, 3, '', ''),
(5, 1, 'Chemical Engineering', 'DAPCE008', 1, 'Must pass minimum SSC from a recognised board', 'Any professional with one or more year of working experience can opt.', '1 Year to 3 Years', 2, 3, '', ''),
(6, 1, 'Computer Science and Engineering', 'DAPCSE005', 1, 'Must pass minimum SSC from a recognised board', 'Any professional with one or more year of working experience can opt.', '1 Year to 3 Years', 2, 3, '', ''),
(7, 1, 'Electrical Engineering', 'DAPEE003', 1, 'Must pass minimum SSC from a recognised board', 'Any professional with one or more year of working experience can opt.', '1 Year to 3 Years', 2, 3, '', ''),
(8, 1, 'Environmental Engineering', 'DAPEE010', 1, 'Must pass minimum SSC from a recognised board', 'Any professional with one or more year of working experience can opt.', '1 Year to 3 Years', 2, 3, '', ''),
(9, 1, 'Electrical & Electronics Engineeering', 'DAPEEE009', 1, 'Must pass minimum SSC from a recognised board', 'Any professional with one or more year of working experience can opt.', '1 Year to 3 Years', 2, 3, '', ''),
(10, 1, 'Electronics & Telecommunication Engineering', 'DAPETE007', 1, 'Must pass minimum SSC from a recognised board', 'Any professional with one or more year of working experience can opt.', '1 Year to 3 Years', 2, 3, '', ''),
(11, 1, 'Health Safety and Environment Engineering', 'DAPHSEE018', 1, 'Must pass minimum SSC from a recognised board', 'Any professional with one or more year of working experience can opt.', '1 Year to 3 Years', 2, 3, '', ''),
(12, 1, 'Instrumentation & Control Engineering', 'DAPICE011', 1, 'Must pass minimum SSC from a recognised board', 'Any professional with one or more year of working experience can opt.', '1 Year to 3 Years', 2, 3, '', ''),
(13, 1, 'Information Technology', 'DAPIT004', 1, 'Must pass minimum SSC from a recognised board', 'Any professional with one or more year of working experience can opt.', '1 Year to 3 Years', 2, 3, '', ''),
(14, 1, 'Mechanical Engineering', 'DAPME001', 1, 'Must pass minimum SSC from a recognised board', 'Any professional with one or more year of working experience can opt.', '1 Year to 3 Years', 2, 3, '', ''),
(15, 1, 'Mechatronics Engineering', 'DAPME013', 1, 'Must pass minimum SSC from a recognised board', 'Any professional with one or more year of working experience can opt.', '1 Year to 3 Years', 2, 3, '', ''),
(16, 1, 'Metallurgical Engineering', 'DAPME014', 1, 'Must pass minimum SSC from a recognised board', 'Any professional with one or more year of working experience can opt.', '1 Year to 3 Years', 2, 3, '', ''),
(17, 1, 'Mining Engineering', 'DAPME015', 1, 'Must pass minimum SSC from a recognised board', 'Any professional with one or more year of working experience can opt.', '1 Year to 3 Years', 2, 3, '', ''),
(18, 1, 'Petroleum Engineering', 'DAPPE017', 1, 'Must pass minimum SSC from a recognised board', 'Any professional with one or more year of working experience can opt.', '1 Year to 3 Years', 2, 3, '', ''),
(19, 1, 'Plastic Technology', 'DAPPT016', 1, 'Must pass minimum SSC from a recognised board', 'Any professional with one or more year of working experience can opt.', '1 Year to 3 Years', 2, 3, '', ''),
(20, 1, 'Textile Engineering', 'DAPTE012', 1, 'Must pass minimum SSC from a recognised board', 'Any professional with one or more year of working experience can opt.', '1 Year to 3 Years', 2, 3, '', ''),
(21, 2, 'Automobile Engineering', 'GAPAE006', 1, 'Must pass HSC or Diploma from recognised board', 'Any professional with one or more year of working experience can opt.', '1.5 Years to 4 Years', 2, 4, '', ''),
(22, 2, 'Business Management', 'GAPBM001', 2, 'Must pass HSC or Diploma from recognised board', 'Any professional with one or more year of working experience can opt.', '1 Year to 3 Years', 2, 3, '', ''),
(23, 2, 'Civil Engineering', 'GAPCE002', 1, 'Must pass HSC or Diploma from recognised board', 'Any professional with one or more year of working experience can opt.', '1.5 Years to 4 Years', 2, 4, '', ''),
(24, 2, 'Chemical Engineering', 'GAPCE008', 1, 'Must pass HSC or Diploma from recognised board', 'Any professional with one or more year of working experience can opt.', '1.5 Years to 4 Years', 2, 4, '', ''),
(25, 2, 'Computer Science and Engineering', 'GAPCSE005', 1, 'Must pass HSC or Diploma from recognised board', 'Any professional with one or more year of working experience can opt.', '1.5 Years to 4 Years', 2, 4, '', ''),
(26, 2, 'Electrical Engineering', 'GAPEE003', 1, 'Must pass HSC or Diploma from recognised board', 'Any professional with one or more year of working experience can opt.', '1.5 Years to 4 Years', 2, 4, '', ''),
(27, 2, 'Environmental Engineering', 'GAPEE010', 1, 'Must pass HSC or Diploma from recognised board', 'Any professional with one or more year of working experience can opt.', '1.5 Years to 4 Years', 2, 4, '', ''),
(28, 2, 'Electrical & Electronics Engineeering', 'GAPEEE009', 1, 'Must pass HSC or Diploma from recognised board', 'Any professional with one or more year of working experience can opt.', '1.5 Years to 4 Years', 2, 4, '', ''),
(29, 2, 'Electronics & Telecommunication Engineering', 'GAPETE007', 1, 'Must pass HSC or Diploma from recognised board', 'Any professional with one or more year of working experience can opt.', '1.5 Years to 4 Years', 2, 4, '', ''),
(30, 2, 'Health Safety and Environment Engineering', 'GAPHSEE018', 1, 'Must pass HSC or Diploma from recognised board', 'Any professional with one or more year of working experience can opt.', '1.5 Years to 4 Years', 2, 4, '', ''),
(31, 2, 'Instrumentation & Control Engineering', 'GAPICE011', 1, 'Must pass HSC or Diploma from recognised board', 'Any professional with one or more year of working experience can opt.', '1.5 Years to 4 Years', 2, 4, '', ''),
(32, 2, 'Information Technology', 'GAPIT004', 1, 'Must pass HSC or Diploma from recognised board', 'Any professional with one or more year of working experience can opt.', '1.5 Years to 4 Years', 2, 4, '', ''),
(33, 2, 'Mechanical Engineering', 'GAPME001', 1, 'Must pass HSC or Diploma from recognised board', 'Any professional with one or more year of working experience can opt.', '1.5 Years to 4 Years', 2, 4, '', ''),
(34, 2, 'Mechatronics Engineering', 'GAPME013', 1, 'Must pass HSC or Diploma from recognised board', 'Any professional with one or more year of working experience can opt.', '1.5 Years to 4 Years', 2, 4, '', ''),
(35, 2, 'Metallurgical Engineering', 'GAPME014', 1, 'Must pass HSC or Diploma from recognised board', 'Any professional with one or more year of working experience can opt.', '1.5 Years to 4 Years', 2, 4, '', ''),
(36, 2, 'Mining Engineering', 'GAPME015', 1, 'Must pass HSC or Diploma from recognised board', 'Any professional with one or more year of working experience can opt.', '1.5 Years to 4 Years', 2, 4, '', ''),
(37, 2, 'Petroleum Engineering', 'GAPPE017', 1, 'Must pass HSC or Diploma from recognised board', 'Any professional with one or more year of working experience can opt.', '1.5 Years to 4 Years', 2, 4, '', ''),
(38, 2, 'Plastic Technology', 'GAPPT016', 1, 'Must pass HSC or Diploma from recognised board', 'Any professional with one or more year of working experience can opt.', '1.5 Years to 4 Years', 2, 4, '', ''),
(39, 2, 'Textile Engineering', 'GAPTE012', 1, 'Must pass HSC or Diploma from recognised board', 'Any professional with one or more year of working experience can opt.', '1.5 Years to 4 Years', 2, 4, '', ''),
(40, 3, 'Automobile Engineering', 'PGAPAE006', 1, 'Must pass Graduation from reputed Institute / University', 'Any professional with one or more year of working experience can opt.', '9 Months to 2 Years', 2, 2, '', ''),
(41, 3, 'Business Management', 'PGAPBM001', 2, 'Must pass Graduation from reputed Institute / University', 'Any professional with one or more year of working experience can opt.', '1.5 Years to 2 Years', 1, 4, '', ''),
(42, 3, 'Chemical Engineering', 'PGAPCE008', 1, 'Must pass Graduation from reputed Institute / University', 'Any professional with one or more year of working experience can opt.', '9 Months to 2 Years', 2, 2, '', ''),
(43, 3, 'Civil Engineering (Environmental Engineering)', 'PGAPCEE002', 1, 'Must pass Graduation from reputed Institute / University', 'Any professional with one or more year of working experience can opt.', '9 Months to 2 Years', 2, 2, '', ''),
(44, 3, 'Civil Engineering (Geotechnical Engineering)', 'PGAPCEG002', 1, 'Must pass Graduation from reputed Institute / University', 'Any professional with one or more year of working experience can opt.', '9 Months to 2 Years', 2, 2, '', ''),
(45, 3, 'Civil Engineering (Structural Engineering)', 'PGAPCES002', 1, 'Must pass Graduation from reputed Institute / University', 'Any professional with one or more year of working experience can opt.', '9 Months to 2 Years', 2, 2, '', ''),
(46, 3, 'Civil Engineering (Transportation Engineering)', 'PGAPCET002', 1, 'Must pass Graduation from reputed Institute / University', 'Any professional with one or more year of working experience can opt.', '9 Months to 2 Years', 2, 2, '', ''),
(47, 3, 'Civil Engineering (Water Resources Engineering)', 'PGAPCEWR002', 1, 'Must pass Graduation from reputed Institute / University', 'Any professional with one or more year of working experience can opt.', '9 Months to 2 Years', 2, 2, '', ''),
(48, 3, 'Computer Science and Engineering', 'PGAPCSE005', 1, 'Must pass Graduation from reputed Institute / University', 'Any professional with one or more year of working experience can opt.', '9 Months to 2 Years', 2, 2, '', ''),
(49, 3, 'Environmental Engineering', 'PGAPEE010', 1, 'Must pass Graduation from reputed Institute / University', 'Any professional with one or more year of working experience can opt.', '9 Months to 2 Years', 2, 2, '', ''),
(50, 3, 'Electrical Engineering (Control Systems)', 'PGAPEECS003', 1, 'Must pass Graduation from reputed Institute / University', 'Any professional with one or more year of working experience can opt.', '9 Months to 2 Years', 2, 2, '', ''),
(51, 3, 'Electrical & Electronics Engineeering', 'PGAPEEE009', 1, 'Must pass Graduation from reputed Institute / University', 'Any professional with one or more year of working experience can opt.', '9 Months to 2 Years', 2, 2, '', ''),
(52, 3, 'Electrical Engineering (Electrical Machines and Drives)', 'PGAPEEEMD003', 1, 'Must pass Graduation from reputed Institute / University', 'Any professional with one or more year of working experience can opt.', '9 Months to 2 Years', 2, 2, '', ''),
(53, 3, 'Electrical Engineering (Power Electronics)', 'PGAPEEPE003', 1, 'Must pass Graduation from reputed Institute / University', 'Any professional with one or more year of working experience can opt.', '9 Months to 2 Years', 2, 2, '', ''),
(54, 3, 'Electrical Engineering (Power Systems)', 'PGAPEEPS003', 1, 'Must pass Graduation from reputed Institute / University', 'Any professional with one or more year of working experience can opt.', '9 Months to 2 Years', 2, 2, '', ''),
(55, 3, 'Electrical Engineering (Systems Engineering)', 'PGAPEESE003', 1, 'Must pass Graduation from reputed Institute / University', 'Any professional with one or more year of working experience can opt.', '9 Months to 2 Years', 2, 2, '', ''),
(56, 3, 'Electronics & Telecommunication Engineering', 'PGAPETE007', 1, 'Must pass Graduation from reputed Institute / University', 'Any professional with one or more year of working experience can opt.', '9 Months to 2 Years', 2, 2, '', ''),
(57, 3, 'Health Safety and Environment Engineering', 'PGAPHSEE018', 1, 'Must pass Graduation from reputed Institute / University', 'Any professional with one or more year of working experience can opt.', '9 Months to 2 Years', 2, 2, '', ''),
(58, 3, 'Instrumentation & Control Engineering', 'PGAPICE011', 1, 'Must pass Graduation from reputed Institute / University', 'Any professional with one or more year of working experience can opt.', '9 Months to 2 Years', 2, 2, '', ''),
(59, 3, 'Information Technology', 'PGAPIT004', 1, 'Must pass Graduation from reputed Institute / University', 'Any professional with one or more year of working experience can opt.', '9 Months to 2 Years', 2, 2, '', ''),
(60, 3, 'Mechanical Engineering', 'PGAPME001', 1, 'Must pass Graduation from reputed Institute / University', 'Any professional with one or more year of working experience can opt.', '9 Months to 2 Years', 2, 2, '', ''),
(61, 3, 'Mechatronics Engineering', 'PGAPME013', 1, 'Must pass Graduation from reputed Institute / University', 'Any professional with one or more year of working experience can opt.', '9 Months to 2 Years', 2, 2, '', ''),
(62, 3, 'Metallurgical Engineering', 'PGAPME014', 1, 'Must pass Graduation from reputed Institute / University', 'Any professional with one or more year of working experience can opt.', '9 Months to 2 Years', 2, 2, '', ''),
(63, 3, 'Mining Engineering', 'PGAPME015', 1, 'Must pass Graduation from reputed Institute / University', 'Any professional with one or more year of working experience can opt.', '9 Months to 2 Years', 2, 2, '', ''),
(64, 3, 'Petroleum Engineering', 'PGAPPE017', 1, 'Must pass Graduation from reputed Institute / University', 'Any professional with one or more year of working experience can opt.', '9 Months to 2 Years', 2, 2, '', ''),
(65, 3, 'Plastic Technology', 'PGAPPT016', 1, 'Must pass Graduation from reputed Institute / University', 'Any professional with one or more year of working experience can opt.', '9 Months to 2 Years', 2, 2, '', ''),
(66, 3, 'Textile Engineering', 'PGAPTE012', 1, 'Must pass Graduation from reputed Institute / University', 'Any professional with one or more year of working experience can opt.', '9 Months to 2 Years', 2, 2, '', ''),
(67, 2, 'mnmm', '098908', 2, 'uhj', 'mnm', '4', 1, 8, 'common.gif', '<p>lkjnj</p>'),
(68, 1, 'Automobile Engineering', 'DAPAE0062', 1, 'Must pass minimum SSC from a recognised board', 'Any professional with one or more year of working experience can opt.', '1 Year to 3 Years', 2, 3, 'common.gif', '<p>..</p>'),
(69, 1, 'Automobile Engineering', 'DAPAE0061', 1, 'Must pass minimum SSC from a recognised board', 'Any professional with one or more year of working experience can opt.', '1 Year to 3 Years', 2, 3, 'common.gif', '<p>c</p>');

-- --------------------------------------------------------

--
-- Table structure for table `heysushil_course_behaviour`
--

CREATE TABLE `heysushil_course_behaviour` (
  `id` int(8) NOT NULL,
  `course_id` int(5) NOT NULL,
  `course_behaviour` varchar(50) NOT NULL
) ENGINE=InnoDB DEFAULT CHARSET=utf8mb4;

--
-- Dumping data for table `heysushil_course_behaviour`
--

INSERT INTO `heysushil_course_behaviour` (`id`, `course_id`, `course_behaviour`) VALUES
(1, 1, 'Semester'),
(2, 2, 'Term');

-- --------------------------------------------------------

--
-- Table structure for table `heysushil_course_levels`
--

CREATE TABLE `heysushil_course_levels` (
  `id` int(8) NOT NULL,
  `course_level_id` int(5) NOT NULL,
  `course_level_name` varchar(100) NOT NULL,
  `course_short_name` varchar(50) NOT NULL,
  `course_full_name` varchar(500) NOT NULL
) ENGINE=InnoDB DEFAULT CHARSET=utf8mb4;

--
-- Dumping data for table `heysushil_course_levels`
--

INSERT INTO `heysushil_course_levels` (`id`, `course_level_id`, `course_level_name`, `course_short_name`, `course_full_name`) VALUES
(1, 1, 'Diploma', 'DAPME', 'Diploma Associate Programme in'),
(2, 2, 'Graduate', 'GAPME', 'Graduate Associate Programme in'),
(3, 3, 'Post Graduate', 'PGAPME', 'Post Graduate Associate Programme in');

-- --------------------------------------------------------

--
-- Table structure for table `heysushil_course_other_feilds`
--

CREATE TABLE `heysushil_course_other_feilds` (
  `id` int(8) NOT NULL,
  `course_code` varchar(50) NOT NULL,
  `career_option` text NOT NULL
) ENGINE=InnoDB DEFAULT CHARSET=utf8mb4;

-- --------------------------------------------------------

--
-- Table structure for table `heysushil_course_related_subjects`
--

CREATE TABLE `heysushil_course_related_subjects` (
  `id` int(8) NOT NULL,
  `subject_code` varchar(50) NOT NULL,
  `subject_name` varchar(500) NOT NULL,
  `course_code` varchar(25) NOT NULL,
  `subject_semester` int(5) NOT NULL,
  `subject_grade` int(5) NOT NULL,
  `subject_type` int(2) NOT NULL DEFAULT 0 COMMENT '0: Non-elective | 1: Elective'
) ENGINE=InnoDB DEFAULT CHARSET=utf8mb4;

--
-- Dumping data for table `heysushil_course_related_subjects`
--

INSERT INTO `heysushil_course_related_subjects` (`id`, `subject_code`, `subject_name`, `course_code`, `subject_semester`, `subject_grade`, `subject_type`) VALUES
(2, 'C0062', 'Engineering Mathematics', 'DAPME001', 1, 4, 0),
(3, 'C0010', 'Applied Mechanics', 'DAPME001', 1, 4, 0),
(4, 'C0100', 'Material Science and Metallurgy', 'DAPME001', 1, 4, 0),
(5, 'M0101', 'Mechanical Drafting', 'DAPME001', 1, 4, 0),
(6, 'C0064', 'Engineering Thermodynamics', 'DAPME001', 2, 4, 0),
(7, 'C0076', 'Fluid Mechanics & Hydraulics', 'DAPME001', 2, 4, 0),
(8, 'C0161', 'Strength of Materials', 'DAPME001', 2, 4, 0),
(9, 'C0009', 'Applied Electrical & Electronic Engineering', 'DAPME001', 2, 4, 0),
(10, 'Elec1', 'Elective - I', 'DAPME001', 2, 4, 0),
(11, 'M0102', 'Design of Machine Elements', 'DAPME001', 3, 4, 0),
(12, 'M0103', 'Manufacturing Engineering', 'DAPME001', 3, 4, 0),
(13, 'C0087', 'Industrial Engineering', 'DAPME001', 3, 4, 0),
(14, 'C0071', 'Estimating, Costing & Engineering Contracting', 'DAPME001', 3, 4, 0),
(15, 'Elec2', 'Elective - II', 'DAPME001', 3, 4, 0),
(16, 'Proj6', 'Project/ Training Certificate', 'DAPME001', 3, 4, 0),
(17, 'C0141', 'Refrigeration & Air Conditioning', 'DAPME001', 0, 4, 1),
(18, 'C0072', 'Fabrication Technology', 'DAPME001', 0, 4, 1),
(19, 'C0134', 'Power Plant Engineering', 'DAPME001', 0, 4, 1),
(20, 'C0159', 'Steam And Gas Turbines', 'DAPME001', 0, 4, 1),
(21, 'C0143', 'Renewable Energy Engineering', 'DAPME001', 0, 4, 1),
(22, 'C0012', 'Automobile Engineering', 'DAPME001', 0, 4, 1),
(23, 'C0146', 'Robotics', 'DAPME001', 0, 4, 1),
(24, 'C0004', 'Advance Welding Technology', 'DAPME001', 0, 4, 1),
(25, 'M0104', 'Elements of Mechanical Engineering', 'GAPME001', 1, 5, 0),
(26, 'C0060', 'Engineering Graphics', 'GAPME001', 1, 5, 0),
(27, 'C0017', 'Basic Mechanical Engineering', 'GAPME001', 1, 5, 0),
(28, 'M0105', 'Advanced Engineering Mathematics', 'GAPME001', 1, 5, 0),
(29, 'C0104', 'Mechanics of Solids', 'GAPME001', 2, 5, 0),
(30, 'C0098', 'Manufacturing Processes', 'GAPME001', 2, 5, 0),
(31, 'C0100', 'Material Science and Metallurgy', 'GAPME001', 2, 5, 0),
(32, 'C0064', 'Engineering Thermodynamics', 'GAPME001', 2, 5, 0),
(33, 'C0076', 'Fluid Mechanics & Hydraulics Machines', 'GAPME001', 3, 5, 0),
(34, 'C0161', 'Strength of Materials', 'GAPME001', 3, 5, 0),
(35, 'C0009', 'Applied Electrical & Electronic Engineering', 'GAPME001', 3, 5, 0),
(36, 'C0078', 'Fundamentals of Machine Design', 'GAPME001', 3, 5, 0),
(37, 'Elec1', 'Elective - I', 'GAPME001', 3, 5, 0),
(38, 'Elec2', 'Elective - II', 'GAPME001', 3, 5, 0),
(39, 'C0172', 'Thermal Engineering', 'GAPME001', 4, 5, 0),
(40, 'M0106', 'Plant Maintenance & Safety', 'GAPME001', 4, 5, 0),
(41, 'C0036', 'Control Engineering', 'GAPME001', 4, 5, 0),
(42, 'C0080', 'Heat Transfer', 'GAPME001', 4, 5, 0),
(43, 'Elec3', 'Elective - III', 'GAPME001', 4, 5, 0),
(44, 'Proj6', 'Project/ Training Certificate', 'GAPME001', 4, 5, 0),
(45, 'C0087', 'Industrial Engineering', 'GAPME001', 0, 5, 1),
(46, 'C0071', 'Estimating, Costing & Engineering Contracting', 'GAPME001', 0, 5, 1),
(47, 'C0141', 'Refrigeration & Air Conditioning', 'GAPME001', 0, 5, 1),
(48, 'C0072', 'Fabrication Technology', 'GAPME001', 0, 5, 1),
(49, 'C0134', 'Power Plant Engineering', 'GAPME001', 0, 5, 1),
(50, 'C0159', 'Steam And Gas Turbines', 'GAPME001', 0, 5, 1),
(51, 'C0143', 'Renewable Energy Engineering', 'GAPME001', 0, 5, 1),
(52, 'C0012', 'Automobile Engineering', 'GAPME001', 0, 5, 1),
(53, 'C0146', 'Robotics', 'GAPME001', 0, 5, 1),
(54, 'C0004', 'Advance Welding Technology', 'GAPME001', 0, 5, 1),
(55, 'M0107', 'Simulation, Modelling & Analysis', 'PGAPME001', 1, 7, 0),
(56, 'M0108', 'Operations Research', 'PGAPME001', 1, 7, 0),
(57, 'M0109', 'Computer Integrated Manufacturing (CIM)', 'PGAPME001', 1, 7, 0),
(58, 'M0110', 'Advanced Mechanics Of Solids', 'PGAPME001', 1, 7, 0),
(59, 'C0173', 'Total Quality Management', 'PGAPME001', 1, 7, 0),
(60, 'Elec1', 'Elective - I', 'PGAPME001', 1, 8, 0),
(61, 'Elec2', 'Elective - II', 'PGAPME001', 1, 8, 0),
(62, 'Elec3', 'Elective - III', 'PGAPME001', 1, 8, 0),
(63, 'M0111', 'CAD/CAM', 'PGAPME001', 2, 7, 0),
(64, 'M0112', 'Renewable Energy System', 'PGAPME001', 2, 7, 0),
(65, 'M0113', 'Advanced I.C. Engines', 'PGAPME001', 2, 7, 0),
(66, 'M0114', 'Advanced Mechanical Design', 'PGAPME001', 2, 7, 0),
(67, 'M0115', 'Industrial Automation And Robotics', 'PGAPME001', 2, 7, 0),
(68, 'Elec4', 'Elective - IV', 'PGAPME001', 2, 8, 0),
(69, 'Elec5', 'Elective - V', 'PGAPME001', 2, 8, 0),
(70, 'Proj6', 'Project/ Training Certificate', 'PGAPME001', 2, 10, 0),
(71, 'E0101', 'Modern Manufacturing Process', 'PGAPME001', 0, 8, 1),
(72, 'E0102', 'Advanced Heat & Mass Transfer', 'PGAPME001', 0, 8, 1),
(73, 'E0103', 'Reliability, Maintenance Management & Safety', 'PGAPME001', 0, 8, 1),
(74, 'E0104', 'Turbo Machines', 'PGAPME001', 0, 8, 1),
(75, 'E0105', 'Advanced Mechanical Vibrations', 'PGAPME001', 0, 8, 1),
(76, 'E0106', 'Fracture Mechanics', 'PGAPME001', 0, 8, 1),
(77, 'E0107', 'Advanced Finite Element Analysis', 'PGAPME001', 0, 8, 1),
(78, 'C0028', 'Advanced Welding Technology', 'PGAPME001', 0, 8, 1),
(79, 'E0108', 'Computational Fluid Dynamics', 'PGAPME001', 0, 8, 1),
(80, 'E0109', 'Optimization Techniques & Design Of Experiments', 'PGAPME001', 0, 8, 1),
(81, 'E0110', 'Flexible Manufacturing System', 'PGAPME001', 0, 8, 1),
(82, 'E0111', 'Machine Vision', 'PGAPME001', 0, 8, 1),
(83, 'E0112', 'Additive Manufacturing And Tooling', 'PGAPME001', 0, 8, 1),
(84, 'C0062', 'Engineering Mathematics', 'DAPCE002', 1, 4, 0),
(85, 'C0060', 'Engineering Graphics', 'DAPCE002', 1, 4, 0),
(86, 'M0201', 'Construction Materials', 'DAPCE002', 1, 4, 0),
(87, 'C0063', 'Engineering Mechanics', 'DAPCE002', 1, 4, 0),
(88, 'C0019', 'Building Construction', 'DAPCE002', 2, 4, 0),
(89, 'M0202', 'Advance Surveying', 'DAPCE002', 2, 4, 0),
(90, 'M0203', 'Transportation Engineering', 'DAPCE002', 2, 4, 0),
(91, 'M0204', 'Theory of Structures', 'DAPCE002', 2, 4, 0),
(92, 'Elec1', 'Elective - I', 'DAPCE002', 2, 4, 0),
(93, 'M0205', 'Estimating & Costing', 'DAPCE002', 3, 4, 0),
(94, 'C0035', 'Concrete Technology', 'DAPCE002', 3, 4, 0),
(95, 'C0044', 'Design of Steel Structure', 'DAPCE002', 3, 4, 0),
(96, 'C0081', 'Highway Engineering', 'DAPCE002', 3, 4, 0),
(97, 'Elec2', 'Elective - II', 'DAPCE002', 3, 4, 0),
(98, 'Proj6', 'Project/ Training Certificate', 'DAPCE002', 3, 4, 0),
(99, 'E0201', 'Hydraulics', 'DAPCE002', 0, 4, 1),
(100, 'E0202', 'Geo Technical Engineering', 'DAPCE002', 0, 4, 1),
(101, 'E0203', 'Computer Aided Drawing', 'DAPCE002', 0, 4, 1),
(102, 'C0097', 'Irrigation Engineering', 'DAPCE002', 0, 4, 1),
(103, 'E0204', 'Public Health Engineering', 'DAPCE002', 0, 4, 1),
(104, 'C0065', 'Entrepreneurship Development', 'DAPCE002', 0, 4, 1),
(105, 'E0205', 'Contracts and Accounts', 'DAPCE002', 0, 4, 1),
(106, 'E0206', 'Design of R.C.C. Structures', 'DAPCE002', 0, 4, 1),
(107, 'C0158', 'Solid Waste Management', 'DAPCE002', 0, 4, 1),
(108, 'E0207', 'Plumbing Services', 'DAPCE002', 0, 4, 1),
(109, 'C0055', 'Elements of Civil Engineering', 'GAPCE002', 1, 5, 0),
(110, 'C0060', 'Engineering Graphics', 'GAPCE002', 1, 5, 0),
(111, 'C0015', 'Basic Civil Engineering', 'GAPCE002', 1, 5, 0),
(112, 'C0062', 'Engineering Mathematics', 'GAPCE002', 1, 5, 0),
(113, 'C0055', 'Elements of Civil Engineering', 'GAPCE002', 2, 5, 0),
(114, 'C0164', 'Surveying', 'GAPCE002', 2, 5, 0),
(115, 'M0206', 'Geotechnics and Applied Geology', 'GAPCE002', 2, 5, 0),
(116, 'C0019', 'Building Construction', 'GAPCE002', 2, 5, 0),
(117, 'M0207', 'BUILDING MATERIALS', 'GAPCE002', 3, 5, 0),
(118, 'M0208', 'STRUCTURAL MECHANICS', 'GAPCE002', 3, 5, 0),
(119, 'M0209', 'Fluid Mechanics & Hydraulics', 'GAPCE002', 3, 5, 0),
(120, 'C0083', 'Hydrology and Water Resources Engineering', 'GAPCE002', 3, 5, 0),
(121, 'Elec1', 'Elective - I', 'GAPCE002', 3, 5, 0),
(122, 'Elec2', 'Elective - II', 'GAPCE002', 3, 5, 0),
(123, 'C0076', 'Fluid Mechanics & Hydraulics', 'GAPCE002', 4, 5, 0),
(124, 'C0083', 'Hydrology and Water Resources Engineering', 'GAPCE002', 4, 5, 0),
(125, 'M0210', 'Disaster Management', 'GAPCE002', 4, 5, 0),
(126, 'C0081', 'Highway Engineering', 'GAPCE002', 4, 5, 0),
(127, 'Elec3', 'Elective - III', 'GAPCE002', 4, 5, 0),
(128, 'Proj6', 'Project/ Training Certificate', 'GAPCE002', 4, 5, 0),
(129, 'E0208', 'Soil Mechanics', 'GAPCE002', 0, 5, 1),
(130, 'E0209', 'Environmental Engineering', 'GAPCE002', 0, 5, 1),
(131, 'C0044', 'Design of Steel Structure', 'GAPCE002', 0, 5, 1),
(132, 'C0035', 'Concrete Technology', 'GAPCE002', 0, 5, 1),
(133, 'C0081', 'Highway Engineering', 'GAPCE002', 0, 5, 1),
(134, 'C0097', 'Irrigation Engineering', 'GAPCE002', 0, 5, 1),
(135, 'E0210', 'Railway, Bridge and Tunnel Engineering', 'GAPCE002', 0, 5, 1),
(136, 'E0211', 'Water and Waste Water Management', 'GAPCE002', 0, 5, 1),
(137, 'E0212', 'Application of Geoinformatics in Civil Engineering', 'GAPCE002', 0, 5, 1),
(138, 'E0213', 'Earthquake Engineering', 'GAPCE002', 0, 5, 1),
(139, 'E0214', 'Foundation Engineering', 'GAPCE002', 0, 5, 1),
(140, 'M0211', 'Material Technology', 'PGAPCES002', 1, 7, 0),
(141, 'C0073', 'Finite Element Methods', 'PGAPCES002', 1, 7, 0),
(142, 'M0212', 'Structural Dynamics & Earthquake Engineering', 'PGAPCES002', 1, 7, 0),
(143, 'M0213', 'Advanced Structural Analysis', 'PGAPCES002', 1, 7, 0),
(144, 'M0214', 'Stability of Structures', 'PGAPCES002', 1, 7, 0),
(145, 'M0215', 'Analysis & Design of Plates & Shells', 'PGAPCES002', 1, 8, 0),
(146, 'M0216', 'Advanced Reinforced Concrete Design', 'PGAPCES002', 1, 8, 0),
(147, 'M0217', 'Applied Elasticity & Plasticity', 'PGAPCES002', 1, 8, 0),
(148, 'M0218', 'Advanced Steel Design', 'PGAPCES002', 2, 7, 0),
(149, 'M0219', 'Bridge Engineering', 'PGAPCES002', 2, 7, 0),
(150, 'M0220', 'Prestressed Concrete', 'PGAPCES002', 2, 7, 0),
(151, 'M0221', 'Composite Structures', 'PGAPCES002', 2, 7, 0),
(152, 'M0222', 'High Rise Structures', 'PGAPCES002', 2, 7, 0),
(153, 'Elec1', 'Elective - I', 'PGAPCES002', 2, 8, 0),
(154, 'Elec2', 'Elective - II', 'PGAPCES002', 2, 8, 0),
(155, 'Proj6', 'Project/ Training Certificate', 'PGAPCES002', 2, 10, 0),
(156, 'E0208', 'Soil Mechanics', 'PGAPCES002', 0, 8, 1),
(157, 'E0209', 'Environmental Engineering', 'PGAPCES002', 0, 8, 1),
(158, 'C0044', 'Design of Steel Structure', 'PGAPCES002', 0, 8, 1),
(159, 'C0035', 'Concrete Technology', 'PGAPCES002', 0, 8, 1),
(160, 'C0081', 'Highway Engineering', 'PGAPCES002', 0, 8, 1),
(161, 'C0097', 'Irrigation Engineering', 'PGAPCES002', 0, 8, 1),
(162, 'E0210', 'Railway, Bridge and Tunnel Engineering', 'PGAPCES002', 0, 8, 1),
(163, 'E0211', 'Water and Waste Water Management', 'PGAPCES002', 0, 8, 1),
(164, 'E0212', 'Application of Geoinformatics in Civil Engineering', 'PGAPCES002', 0, 8, 1),
(165, 'E0213', 'Earthquake Engineering', 'PGAPCES002', 0, 8, 1),
(166, 'E0214', 'Foundation Engineering', 'PGAPCES002', 0, 8, 1),
(167, 'M0223', 'Optimization Methods &Its Application In Civil Engineering', 'PGAPCEG002', 1, 7, 0),
(168, 'M0224', 'Ground Improvement Techniques', 'PGAPCEG002', 1, 7, 0),
(169, 'M0225', 'Advanced Soil Mechanics', 'PGAPCEG002', 1, 7, 0),
(170, 'M0226', 'Stability Analysis of Slopes, Dams and Embankments', 'PGAPCEG002', 1, 7, 0),
(171, 'M0227', 'Soil-Structure Interaction', 'PGAPCEG002', 1, 7, 0),
(172, 'M0228', 'Ground Water & Flow through Porous Media', 'PGAPCEG002', 1, 8, 0),
(173, 'M0229', 'Soil Exploration and Analysis of Foundations', 'PGAPCEG002', 1, 8, 0),
(174, 'C0148', 'Rock Mechanics', 'PGAPCEG002', 1, 8, 0),
(175, 'M0230', 'Dynamics of Soils and Foundations', 'PGAPCEG002', 2, 7, 0),
(176, 'M0231', 'Earth Retaining Structures', 'PGAPCEG002', 2, 7, 0),
(177, 'M0232', 'Earthquake Geotechnical Engineering', 'PGAPCEG002', 2, 7, 0),
(178, 'M0233', 'Strength & Deformation Behaviour of Soil', 'PGAPCEG002', 2, 7, 0),
(179, 'M0234', 'Environmental Geotechnics', 'PGAPCEG002', 2, 7, 0),
(180, 'Elec1', 'Elective - I', 'PGAPCEG002', 2, 8, 0),
(181, 'Elec2', 'Elective - II', 'PGAPCEG002', 2, 8, 0),
(182, 'Proj6', 'Project/ Training Certificate', 'PGAPCEG002', 2, 10, 0),
(183, 'E0208', 'Soil Mechanics', 'PGAPCEG002', 0, 8, 1),
(184, 'E0209', 'Environmental Engineering', 'PGAPCEG002', 0, 8, 1),
(185, 'C0044', 'Design of Steel Structure', 'PGAPCEG002', 0, 8, 1),
(186, 'C0035', 'Concrete Technology', 'PGAPCEG002', 0, 8, 1),
(187, 'C0081', 'Highway Engineering', 'PGAPCEG002', 0, 8, 1),
(188, 'C0097', 'Irrigation Engineering', 'PGAPCEG002', 0, 8, 1),
(189, 'E0210', 'Railway, Bridge and Tunnel Engineering', 'PGAPCEG002', 0, 8, 1),
(190, 'E0211', 'Water and Waste Water Management', 'PGAPCEG002', 0, 8, 1),
(191, 'E0212', 'Application of Geoinformatics in Civil Engineering', 'PGAPCEG002', 0, 8, 1),
(192, 'E0213', 'Earthquake Engineering', 'PGAPCEG002', 0, 8, 1),
(193, 'E0214', 'Foundation Engineering', 'PGAPCEG002', 0, 8, 1),
(194, 'M0235', 'Advanced Wastewater Treatment', 'PGAPCEE002', 1, 7, 0),
(195, 'M0236', 'Principles of Environmental Management', 'PGAPCEE002', 1, 7, 0),
(196, 'M0237', 'Advanced Air Quality Management', 'PGAPCEE002', 1, 7, 0),
(197, 'M0238', 'Water and Wastewater Engineering', 'PGAPCEE002', 1, 7, 0),
(198, 'C0206', 'Environmental Chemistry and Microbiology', 'PGAPCEE002', 1, 7, 0),
(199, 'Elec1', 'Elective - I', 'PGAPCEE002', 1, 8, 0),
(200, 'Elec2', 'Elective - II', 'PGAPCEE002', 1, 8, 0),
(201, 'Elec3', 'Elective - III', 'PGAPCEE002', 1, 8, 0),
(202, 'M0239', 'Industrial Pollution Prevention & Clean Technologies', 'PGAPCEE002', 2, 7, 0),
(203, 'M0240', 'Environmental Impact & Risk Assessment', 'PGAPCEE002', 2, 7, 0),
(204, 'M0241', 'Environmental Legislation & Policy', 'PGAPCEE002', 2, 7, 0),
(205, 'C0207', 'Environmental Geology', 'PGAPCEE002', 2, 7, 0),
(206, 'M0242', 'Building Environment And Services', 'PGAPCEE002', 2, 7, 0),
(207, 'Elec4', 'Elective - IV', 'PGAPCEE002', 2, 8, 0),
(208, 'Elec5', 'Elective - V', 'PGAPCEE002', 2, 8, 0),
(209, 'Proj6', 'Project/ Training Certificate', 'PGAPCEE002', 2, 10, 0),
(210, 'E0208', 'Soil Mechanics', 'PGAPCEE002', 0, 8, 1),
(211, 'E0209', 'Environmental Engineering', 'PGAPCEE002', 0, 8, 1),
(212, 'C0044', 'Design of Steel Structure', 'PGAPCEE002', 0, 8, 1),
(213, 'C0035', 'Concrete Technology', 'PGAPCEE002', 0, 8, 1),
(214, 'C0081', 'Highway Engineering', 'PGAPCEE002', 0, 8, 1),
(215, 'C0097', 'Irrigation Engineering', 'PGAPCEE002', 0, 8, 1),
(216, 'E0210', 'Railway, Bridge and Tunnel Engineering', 'PGAPCEE002', 0, 8, 1),
(217, 'E0211', 'Water and Waste Water Management', 'PGAPCEE002', 0, 8, 1),
(218, 'E0212', 'Application of Geoinformatics in Civil Engineering', 'PGAPCEE002', 0, 8, 1),
(219, 'E0213', 'Earthquake Engineering', 'PGAPCEE002', 0, 8, 1),
(220, 'E0214', 'Foundation Engineering', 'PGAPCEE002', 0, 8, 1),
(221, 'M0243', 'Analysis & Structural Design of Pavements', 'PGAPCET002', 1, 7, 0),
(222, 'M0244', 'Transportation Systems Planning', 'PGAPCET002', 1, 7, 0),
(223, 'M0245', 'Traffic Engineering & Traffic Flow Theory', 'PGAPCET002', 1, 7, 0),
(224, 'M0246', 'Highway and Airport Pavement Materials', 'PGAPCET002', 1, 7, 0),
(225, 'M0247', 'Planning & Design of Airports', 'PGAPCET002', 1, 7, 0),
(226, 'Elec1', 'Elective - I', 'PGAPCET002', 1, 8, 0),
(227, 'Elec2', 'Elective - II', 'PGAPCET002', 1, 8, 0),
(228, 'Elec3', 'Elective - III', 'PGAPCET002', 1, 8, 0),
(229, 'M0248', 'Geometric Design of Highways', 'PGAPCET002', 2, 7, 0),
(230, 'M0249', 'Evaluation and Strengthening of Pavements', 'PGAPCET002', 2, 7, 0),
(231, 'M0250', 'Transportation Systems, Analysis & Modelling', 'PGAPCET002', 2, 7, 0),
(232, 'M0250', 'Advanced Railway Engineering', 'PGAPCET002', 2, 7, 0),
(233, 'M0251', 'Mass Transit Systems', 'PGAPCET002', 2, 7, 0),
(234, 'Elec4', 'Elective - IV', 'PGAPCET002', 2, 8, 0),
(235, 'Elec5', 'Elective - V', 'PGAPCET002', 2, 8, 0),
(236, 'Proj6', 'Project/ Training Certificate', 'PGAPCET002', 2, 10, 0),
(237, 'E0208', 'Soil Mechanics', 'PGAPCET002', 0, 8, 1),
(238, 'E0209', 'Environmental Engineering', 'PGAPCET002', 0, 8, 1),
(239, 'C0044', 'Design of Steel Structure', 'PGAPCET002', 0, 8, 1),
(240, 'C0035', 'Concrete Technology', 'PGAPCET002', 0, 8, 1),
(241, 'C0081', 'Highway Engineering', 'PGAPCET002', 0, 8, 1),
(242, 'C0097', 'Irrigation Engineering', 'PGAPCET002', 0, 8, 1),
(243, 'E0210', 'Railway, Bridge and Tunnel Engineering', 'PGAPCET002', 0, 8, 1),
(244, 'E0211', 'Water and Waste Water Management', 'PGAPCET002', 0, 8, 1),
(245, 'E0212', 'Application of Geoinformatics in Civil Engineering', 'PGAPCET002', 0, 8, 1),
(246, 'E0213', 'Earthquake Engineering', 'PGAPCET002', 0, 8, 1),
(247, 'E0214', 'Foundation Engineering', 'PGAPCET002', 0, 8, 1),
(248, 'M0252', 'Hydrology and Hydraulics of Surface and Sub-Surface Water', 'PGAPCEWR002', 1, 7, 0),
(249, 'M0253', 'Hydrologic Element and Analysis', 'PGAPCEWR002', 1, 7, 0),
(250, 'M0254', 'Open Channel Flow', 'PGAPCEWR002', 1, 7, 0),
(251, 'M0255', 'Advanced Fluid Mechanics', 'PGAPCEWR002', 1, 7, 0),
(252, 'M0256', 'Water Resources Management', 'PGAPCEWR002', 1, 7, 0),
(253, 'Elec1', 'Elective - I', 'PGAPCEWR002', 1, 8, 0),
(254, 'Elec2', 'Elective - II', 'PGAPCEWR002', 1, 8, 0),
(255, 'Elec3', 'Elective - III', 'PGAPCEWR002', 1, 8, 0),
(256, 'M0257', 'Hydraulic Structures & Hydro Power Engineering', 'PGAPCEWR002', 2, 7, 0),
(257, 'M0258', 'Water Quality Modeling & Management', 'PGAPCEWR002', 2, 7, 0),
(258, 'M0259', 'Fluvial Hydraulics', 'PGAPCEWR002', 2, 7, 0),
(259, 'M0260', 'Integrated River Basin Management', 'PGAPCEWR002', 2, 7, 0),
(260, 'M0261', 'Ground Water Assessment & Development', 'PGAPCEWR002', 2, 7, 0),
(261, 'Elec4', 'Elective - IV', 'PGAPCEWR002', 2, 8, 0),
(262, 'Elec5', 'Elective - V', 'PGAPCEWR002', 2, 8, 0),
(263, 'Proj6', 'Project/ Training Certificate', 'PGAPCEWR002', 2, 10, 0),
(264, 'E0208', 'Soil Mechanics', 'PGAPCEWR002', 0, 8, 1),
(265, 'E0209', 'Environmental Engineering', 'PGAPCEWR002', 0, 8, 1),
(266, 'C0044', 'Design of Steel Structure', 'PGAPCEWR002', 0, 8, 1),
(267, 'C0035', 'Concrete Technology', 'PGAPCEWR002', 0, 8, 1),
(268, 'C0081', 'Highway Engineering', 'PGAPCEWR002', 0, 8, 1),
(269, 'C0097', 'Irrigation Engineering', 'PGAPCEWR002', 0, 8, 1),
(270, 'E0210', 'Railway, Bridge and Tunnel Engineering', 'PGAPCEWR002', 0, 8, 1),
(271, 'E0211', 'Water and Waste Water Management', 'PGAPCEWR002', 0, 8, 1),
(272, 'E0212', 'Application of Geoinformatics in Civil Engineering', 'PGAPCEWR002', 0, 8, 1),
(273, 'E0213', 'Earthquake Engineering', 'PGAPCEWR002', 0, 8, 1),
(274, 'E0214', 'Foundation Engineering', 'PGAPCEWR002', 0, 8, 1),
(275, 'C0062', 'Engineering Mathematics', 'DAPEE003', 1, 4, 0),
(276, 'M0301', 'Electrical and Electronics Engineering', 'DAPEE003', 1, 4, 0),
(277, 'C0016', 'Basic Electrical Engineering Materials', 'DAPEE003', 1, 4, 0),
(278, 'C0059', 'Engineering Drawing', 'DAPEE003', 1, 4, 0),
(279, 'M0302', 'Electrical Instruments and Measurements', 'DAPEE003', 2, 4, 0),
(280, 'C0051', 'Electrical Machines', 'DAPEE003', 2, 4, 0),
(281, 'C0134', 'Power Plant Engineering', 'DAPEE003', 2, 4, 0),
(282, 'M0303', 'Transmission and Distribution', 'DAPEE003', 2, 4, 0),
(283, 'Elec1', 'Elective - I', 'DAPEE003', 2, 4, 0),
(284, 'C0165', 'Switch Gear and Protection', 'DAPEE003', 3, 4, 0),
(285, 'M0304', 'Industrial Electronics and Control', 'DAPEE003', 3, 4, 0),
(286, 'M0305', 'Installation,maintenance & repair', 'DAPEE003', 3, 4, 0),
(287, 'M0306', 'Renewable Sources of Energy', 'DAPEE003', 3, 4, 0),
(288, 'Elec2', 'Elective - II', 'DAPEE003', 3, 4, 0),
(289, 'Proj6', 'Project/ Training Certificate', 'DAPEE003', 3, 4, 0),
(290, 'E0301', 'Control of Electrical Machines', 'DAPEE004', 0, 4, 1),
(291, 'E0302', 'Process control & instrumentation', 'DAPEE005', 0, 4, 1),
(292, 'C0049', 'Electric traction', 'DAPEE006', 0, 4, 1),
(293, 'E0303', 'High Voltage Engineering', 'DAPEE007', 0, 4, 1),
(294, 'E0304', 'Energy Management', 'DAPEE008', 0, 4, 1),
(295, 'E0305', 'Microprocessor Development Systems', 'DAPEE009', 0, 4, 1),
(296, 'E0306', 'Electrical & Electronics Instrumentations', 'DAPEE010', 0, 4, 1),
(297, 'E0307', 'Utilisation of Electrical Energy', 'DAPEE011', 0, 4, 1),
(298, 'M0307', 'Elements of Electrical Engineering', 'GAPEE003', 1, 5, 0),
(299, 'C0060', 'Engineering Graphics', 'GAPEE003', 1, 5, 0),
(300, 'C0016', 'Basic Electrical Engineering', 'GAPEE003', 1, 5, 0),
(301, 'C0062', 'Engineering Mathematics', 'GAPEE003', 1, 5, 0),
(302, 'C0024', 'Circuits and Networks', 'GAPEE003', 2, 5, 0),
(303, 'C0052', 'Electrical Measurements and Measuring Instruments', 'GAPEE003', 2, 5, 0),
(304, 'C0043', 'DC Machine and Transformer', 'GAPEE003', 2, 5, 0),
(305, 'M0308', 'Electrical Circuit Analysis', 'GAPEE003', 2, 5, 0),
(306, 'C0006', 'Analog and Digital Electronics', 'GAPEE003', 3, 5, 0),
(307, 'M0309', 'Electrical Instrumention', 'GAPEE003', 3, 5, 0),
(308, 'C0053', 'Electrical Power Generation', 'GAPEE003', 3, 5, 0),
(309, 'C0153', 'Signals & Systems', 'GAPEE003', 3, 5, 0),
(310, 'Elec1', 'Elective - I', 'GAPEE003', 3, 5, 0),
(311, 'Elec2', 'Elective - II', 'GAPEE003', 3, 5, 0),
(312, 'M0310', 'Electromagnetics Field', 'GAPEE003', 4, 5, 0),
(313, 'M0311', 'Polyphase Transformers and Rotation AC Machines', 'GAPEE003', 4, 5, 0),
(314, 'M0312', 'Transmission and Distribution of Electrical', 'GAPEE003', 4, 5, 0),
(315, 'C0056', 'Elements of Electrical Design', 'GAPEE003', 4, 5, 0),
(316, 'Elec3', 'Elective - III', 'GAPEE003', 4, 5, 0),
(317, 'Proj6', 'Project/ Training Certificate', 'GAPEE003', 4, 5, 0),
(318, 'E0308', 'Microprocessor and Microcontroller Interfacing', 'GAPEE003', 0, 5, 1),
(319, 'E0309', 'Wiring Estimating, Costing & Contracting', 'GAPEE003', 0, 5, 1),
(320, 'E0310', 'Wind and Solar Energy System', 'GAPEE003', 0, 5, 1),
(321, 'C0050', 'Electrical Drives', 'GAPEE003', 0, 5, 1),
(322, 'E0311', 'Switchgear & Protection', 'GAPEE003', 0, 5, 1),
(323, 'E0312', 'Installation, Commissioning and Maintenance', 'GAPEE003', 0, 5, 1),
(324, 'E0313', 'Design of AC Machines', 'GAPEE003', 0, 5, 1),
(325, 'C0089', 'Industrial Instrumentation', 'GAPEE003', 0, 5, 1),
(326, 'C0047', 'Digital Signal Processing', 'GAPEE003', 0, 5, 1),
(327, 'E0134', 'Power System Planning and Design', 'GAPEE003', 0, 5, 1),
(328, 'C0136', 'Power System Operation and Control', 'GAPEE003', 0, 5, 1),
(329, 'E0315', 'Condition Monitoring', 'GAPEE003', 0, 5, 1),
(330, 'M0313', 'Electromagnetic Fields Applied to Electrical Machines', 'PGAPEEEMD003', 1, 7, 0),
(331, 'M0314', 'Analysis and Control of Electric Drives', 'PGAPEEEMD003', 1, 7, 0),
(332, 'M0315', 'Special Electrical Machines', 'PGAPEEEMD003', 1, 7, 0),
(333, 'C0005', 'AI Applications in Power Electronics', 'PGAPEEEMD003', 1, 7, 0),
(334, 'M0316', 'Advanced Power Electronics', 'PGAPEEEMD003', 1, 7, 0),
(335, 'Elec1', 'Elective - I', 'PGAPEEEMD003', 1, 8, 0),
(336, 'Elec2', 'Elective - II', 'PGAPEEEMD003', 1, 8, 0),
(337, 'Elec3', 'Elective - III', 'PGAPEEEMD003', 1, 8, 0),
(338, 'M0317', 'Dynamics of Electric Machines', 'PGAPEEEMD003', 2, 7, 0),
(339, 'M0318', 'Power Semiconductor Controlled Drives', 'PGAPEEEMD003', 2, 7, 0),
(340, 'M0319', 'Special Operational and Design Features of Electrical Machines', 'PGAPEEEMD003', 2, 7, 0),
(341, 'M0320', 'Electric Traction Systems', 'PGAPEEEMD003', 2, 7, 0),
(342, 'C0157', 'Solar and Wind Power Technologies', 'PGAPEEEMD003', 2, 7, 0),
(343, 'Elec4', 'Elective - IV', 'PGAPEEEMD003', 2, 8, 0),
(344, 'Elec5', 'Elective - V', 'PGAPEEEMD003', 2, 8, 0),
(345, 'Proj6', 'Project/ Training Certificate', 'PGAPEEEMD003', 2, 10, 0),
(346, 'E0308', 'Microprocessor and Microcontroller Interfacing', 'PGAPEEEMD003', 0, 8, 1),
(347, 'E0309', 'Wiring Estimating, Costing & Contracting', 'PGAPEEEMD003', 0, 8, 1),
(348, 'E0310', 'Wind and Solar Energy System', 'PGAPEEEMD003', 0, 8, 1),
(349, 'C0050', 'Electrical Drives', 'PGAPEEEMD003', 0, 8, 1),
(350, 'E0311', 'Switchgear & Protection', 'PGAPEEEMD003', 0, 8, 1),
(351, 'E0312', 'Installation, Commissioning and Maintenance', 'PGAPEEEMD003', 0, 8, 1),
(352, 'E0313', 'Design of AC Machines', 'PGAPEEEMD003', 0, 8, 1),
(353, 'C0089', 'Industrial Instrumentation', 'PGAPEEEMD003', 0, 8, 1),
(354, 'C0047', 'Digital Signal Processing', 'PGAPEEEMD003', 0, 8, 1),
(355, 'E0134', 'Power System Planning and Design', 'PGAPEEEMD003', 0, 8, 1),
(356, 'C0136', 'Power System Operation and Control', 'PGAPEEEMD003', 0, 8, 1),
(357, 'E0315', 'Condition Monitoring', 'PGAPEEEMD003', 0, 8, 1),
(358, 'M0312', 'Power Semiconductor Devices', 'PGAPEEPE003', 1, 7, 0),
(359, 'M0322', 'Advanced Power Electronic Converters', 'PGAPEEPE003', 1, 7, 0),
(360, 'C0046', 'Digital Control Systems', 'PGAPEEPE003', 1, 7, 0),
(361, 'C0005', 'AI Applications in Power Electronics', 'PGAPEEPE003', 1, 7, 0),
(362, 'M0333', 'Design of Power Electronic Converters', 'PGAPEEPE003', 1, 7, 0),
(363, 'Elec1', 'Elective - I', 'PGAPEEPE003', 1, 8, 0),
(364, 'Elec2', 'Elective - II', 'PGAPEEPE003', 1, 8, 0),
(365, 'Elec3', 'Elective - III', 'PGAPEEPE003', 1, 8, 0),
(366, 'M0324', 'Power Electronic Converter', 'PGAPEEPE003', 2, 7, 0),
(367, 'C0157', 'Solar and Wind Power Technologies', 'PGAPEEPE003', 2, 7, 0),
(368, 'C0118', 'Optimal Control', 'PGAPEEPE003', 2, 7, 0),
(369, 'M0325', 'Control Techniques in Power Electronics', 'PGAPEEPE003', 2, 7, 0),
(370, 'C0154', 'Smart Grid', 'PGAPEEPE003', 2, 7, 0),
(371, 'Elec4', 'Elective - IV', 'PGAPEEPE003', 2, 8, 0),
(372, 'Elec5', 'Elective - V', 'PGAPEEPE003', 2, 8, 0),
(373, 'Proj6', 'Project/ Training Certificate', 'PGAPEEPE003', 2, 10, 0),
(374, 'E0308', 'Microprocessor and Microcontroller Interfacing', 'PGAPEEPE003', 0, 8, 1),
(375, 'E0309', 'Wiring Estimating, Costing & Contracting', 'PGAPEEPE003', 0, 8, 1),
(376, 'E0310', 'Wind and Solar Energy System', 'PGAPEEPE003', 0, 8, 1),
(377, 'C0050', 'Electrical Drives', 'PGAPEEPE003', 0, 8, 1),
(378, 'E0311', 'Switchgear & Protection', 'PGAPEEPE003', 0, 8, 1),
(379, 'E0312', 'Installation, Commissioning and Maintenance', 'PGAPEEPE003', 0, 8, 1),
(380, 'E0313', 'Design of AC Machines', 'PGAPEEPE003', 0, 8, 1),
(381, 'C0089', 'Industrial Instrumentation', 'PGAPEEPE003', 0, 8, 1),
(382, 'C0047', 'Digital Signal Processing', 'PGAPEEPE003', 0, 8, 1),
(383, 'E0134', 'Power System Planning and Design', 'PGAPEEPE003', 0, 8, 1),
(384, 'C0136', 'Power System Operation and Control', 'PGAPEEPE003', 0, 8, 1),
(385, 'E0315', 'Condition Monitoring', 'PGAPEEPE003', 0, 8, 1),
(386, 'C0135', 'Power System Analysis', 'PGAPEEPS003', 1, 7, 0),
(387, 'M0326', 'EHV AC and HVDC Transmission', 'PGAPEEPS003', 1, 7, 0),
(388, 'C0110', 'Modern Control Theory', 'PGAPEEPS003', 1, 7, 0),
(389, 'M0327', 'High Voltage and Insulation Engineering', 'PGAPEEPS003', 1, 7, 0),
(390, 'M0328', 'Power System Dynamics', 'PGAPEEPS003', 1, 7, 0),
(391, 'Elec1', 'Elective - I', 'PGAPEEPS003', 1, 8, 0),
(392, 'Elec2', 'Elective - II', 'PGAPEEPS003', 1, 8, 0),
(393, 'Elec3', 'Elective - III', 'PGAPEEPS003', 1, 8, 0),
(394, 'C0136', 'Power System Operation and Control', 'PGAPEEPS003', 2, 7, 0),
(395, 'M0329', 'Power System Transients', 'PGAPEEPS003', 2, 7, 0),
(396, 'C0154', 'Smart Grid', 'PGAPEEPS003', 2, 7, 0),
(397, 'C0011', 'Artificial Intelligence', 'PGAPEEPS003', 2, 7, 0),
(398, 'C0157', 'Solar and Wind Power Technologies', 'PGAPEEPS003', 2, 7, 0),
(399, 'Elec4', 'Elective - IV', 'PGAPEEPS003', 2, 8, 0),
(400, 'Elec5', 'Elective - V', 'PGAPEEPS003', 2, 8, 0),
(401, 'Proj6', 'Project/ Training Certificate', 'PGAPEEPS003', 2, 10, 0),
(402, 'E0308', 'Microprocessor and Microcontroller Interfacing', 'PGAPEEPS003', 0, 8, 1),
(403, 'E0309', 'Wiring Estimating, Costing & Contracting', 'PGAPEEPS003', 0, 8, 1),
(404, 'E0310', 'Wind and Solar Energy System', 'PGAPEEPS003', 0, 8, 1),
(405, 'C0050', 'Electrical Drives', 'PGAPEEPS003', 0, 8, 1),
(406, 'E0311', 'Switchgear & Protection', 'PGAPEEPS003', 0, 8, 1),
(407, 'E0312', 'Installation, Commissioning and Maintenance', 'PGAPEEPS003', 0, 8, 1),
(408, 'E0313', 'Design of AC Machines', 'PGAPEEPS003', 0, 8, 1),
(409, 'C0089', 'Industrial Instrumentation', 'PGAPEEPS003', 0, 8, 1),
(410, 'C0047', 'Digital Signal Processing', 'PGAPEEPS003', 0, 8, 1),
(411, 'E0134', 'Power System Planning and Design', 'PGAPEEPS003', 0, 8, 1),
(412, 'C0136', 'Power System Operation and Control', 'PGAPEEPS003', 0, 8, 1),
(413, 'E0315', 'Condition Monitoring', 'PGAPEEPS003', 0, 8, 1),
(414, 'C0110', 'Modern Control Theory', 'PGAPEECS003', 1, 7, 0),
(415, 'C0046', 'Digital Control Systems', 'PGAPEECS003', 1, 7, 0),
(416, 'M0330', 'Nonlinear Control Systems', 'PGAPEECS003', 1, 7, 0),
(417, 'M0331', 'Control System Design', 'PGAPEECS003', 1, 7, 0),
(418, 'C0160', 'Stochastic Processes and System Identification', 'PGAPEECS003', 1, 7, 0),
(419, 'Elec1', 'Elective - I', 'PGAPEECS003', 1, 8, 0),
(420, 'Elec2', 'Elective - II', 'PGAPEECS003', 1, 8, 0),
(421, 'Elec3', 'Elective - III', 'PGAPEECS003', 1, 8, 0),
(422, 'C0147', 'Robust Control', 'PGAPEECS003', 2, 7, 0),
(423, 'C0118', 'Optimal Control', 'PGAPEECS003', 2, 7, 0),
(424, 'M0332', 'Adaptive Control', 'PGAPEECS003', 2, 7, 0),
(425, 'C0157', 'Solar and Wind Power Technologies', 'PGAPEECS003', 2, 7, 0),
(426, 'M0333', 'Estimation of Signals and Systems', 'PGAPEECS003', 2, 7, 0),
(427, 'Elec4', 'Elective - IV', 'PGAPEECS003', 2, 8, 0),
(428, 'Elec5', 'Elective - V', 'PGAPEECS003', 2, 8, 0),
(429, 'Proj6', 'Project/ Training Certificate', 'PGAPEECS003', 2, 10, 0),
(430, 'E0308', 'Microprocessor and Microcontroller Interfacing', 'PGAPEECS003', 0, 8, 1),
(431, 'E0309', 'Wiring Estimating, Costing & Contracting', 'PGAPEECS003', 0, 8, 1),
(432, 'E0310', 'Wind and Solar Energy System', 'PGAPEECS003', 0, 8, 1),
(433, 'C0050', 'Electrical Drives', 'PGAPEECS003', 0, 8, 1),
(434, 'E0311', 'Switchgear & Protection', 'PGAPEECS003', 0, 8, 1),
(435, 'E0312', 'Installation, Commissioning and Maintenance', 'PGAPEECS003', 0, 8, 1),
(436, 'E0313', 'Design of AC Machines', 'PGAPEECS003', 0, 8, 1),
(437, 'C0089', 'Industrial Instrumentation', 'PGAPEECS003', 0, 8, 1),
(438, 'C0047', 'Digital Signal Processing', 'PGAPEECS003', 0, 8, 1),
(439, 'E0134', 'Power System Planning and Design', 'PGAPEECS003', 0, 8, 1),
(440, 'C0136', 'Power System Operation and Control', 'PGAPEECS003', 0, 8, 1),
(441, 'E0315', 'Condition Monitoring', 'PGAPEECS003', 0, 8, 1),
(442, 'M0334', 'Systems Theory', 'PGAPEESE003', 1, 7, 0),
(443, 'M0335', 'Machine Learning and Pattern Recognition', 'PGAPEESE003', 1, 7, 0),
(444, 'C0046', 'Digital Control System', 'PGAPEESE003', 1, 7, 0),
(445, 'C0160', 'Stochastic Processes and System Identification', 'PGAPEESE003', 1, 7, 0),
(446, 'C0135', 'Power System Analysis', 'PGAPEESE003', 1, 7, 0),
(447, 'Elec1', 'Elective - I', 'PGAPEESE003', 1, 8, 0),
(448, 'Elec2', 'Elective - II', 'PGAPEESE003', 1, 8, 0),
(449, 'Elec3', 'Elective - III', 'PGAPEESE003', 1, 8, 0),
(450, 'M0336', 'Modeling and Simulation', 'PGAPEESE003', 2, 7, 0),
(451, 'C0011', 'Artificial Intelligence', 'PGAPEESE003', 2, 7, 0),
(452, 'C0147', 'Robust Control', 'PGAPEESE003', 2, 7, 0),
(453, 'C0136', 'Power System Operation and Control', 'PGAPEESE003', 2, 7, 0),
(454, 'C0157', 'Solar and Wind Power Technologies', 'PGAPEESE003', 2, 7, 0),
(455, 'Elec4', 'Elective - IV', 'PGAPEESE003', 2, 8, 0),
(456, 'Elec5', 'Elective - V', 'PGAPEESE003', 2, 8, 0),
(457, 'Proj6', 'Project/ Training Certificate', 'PGAPEESE003', 2, 10, 0),
(458, 'E0308', 'Microprocessor and Microcontroller Interfacing', 'PGAPEESE003', 0, 8, 1),
(459, 'E0309', 'Wiring Estimating, Costing & Contracting', 'PGAPEESE003', 0, 8, 1),
(460, 'E0310', 'Wind and Solar Energy System', 'PGAPEESE003', 0, 8, 1),
(461, 'C0050', 'Electrical Drives', 'PGAPEESE003', 0, 8, 1),
(462, 'E0311', 'Switchgear & Protection', 'PGAPEESE003', 0, 8, 1),
(463, 'E0312', 'Installation, Commissioning and Maintenance', 'PGAPEESE003', 0, 8, 1),
(464, 'E0313', 'Design of AC Machines', 'PGAPEESE003', 0, 8, 1),
(465, 'C0089', 'Industrial Instrumentation', 'PGAPEESE003', 0, 8, 1),
(466, 'C0047', 'Digital Signal Processing', 'PGAPEESE003', 0, 8, 1),
(467, 'E0134', 'Power System Planning and Design', 'PGAPEESE003', 0, 8, 1),
(468, 'C0136', 'Power System Operation and Control', 'PGAPEESE003', 0, 8, 1),
(469, 'E0315', 'Condition Monitoring', 'PGAPEESE003', 0, 8, 1),
(470, 'M0401', 'Computer Fundamentals', 'DAPIT004', 1, 4, 0),
(471, 'M0402', 'Concepts of Networking', 'DAPIT004', 1, 4, 0),
(472, 'M0403', 'Web Programming', 'DAPIT004', 1, 4, 0),
(473, 'M0404', 'Computer Programming', 'DAPIT004', 1, 4, 0),
(474, 'C0042', 'Database Management System', 'DAPIT004', 2, 4, 0),
(475, 'M0405', 'Digital Logics and Design', 'DAPIT004', 2, 4, 0),
(476, 'C0092', 'Internet Application Programming', 'DAPIT004', 2, 4, 0),
(477, 'M0406', 'Microproccessor and Interfacing', 'DAPIT004', 2, 4, 0),
(478, 'Elec1', 'Elective - I', 'DAPIT004', 2, 4, 0),
(479, 'C0155', 'Software Engineering', 'DAPIT004', 3, 4, 0),
(480, 'C0117', 'Operating System', 'DAPIT004', 3, 4, 0),
(481, 'C0007', 'Android Application Development', 'DAPIT004', 3, 4, 0),
(482, 'C0176', 'Web and Network Security', 'DAPIT004', 3, 4, 0),
(483, 'Elec2', 'Elective - II', 'DAPIT004', 3, 4, 0),
(484, 'Proj6', 'Project/ Training Certificate', 'DAPIT004', 3, 4, 0),
(485, 'C0139', 'Programming in C', 'DAPIT004', 0, 4, 1),
(486, 'C0033', 'Computer Networks', 'DAPIT004', 0, 4, 1),
(487, 'E0401', 'Web Designing', 'DAPIT004', 0, 4, 1),
(488, 'C0092', 'Internet Application Programming', 'DAPIT004', 0, 4, 1),
(489, 'E0402', 'Java Programming', 'DAPIT004', 0, 4, 1),
(490, 'C0178', 'Wireless Communication', 'DAPIT004', 0, 4, 1),
(491, 'C0179', 'Network Management and Administration', 'DAPIT004', 0, 4, 1),
(492, 'C0180', 'Advance Java Programming', 'DAPIT004', 0, 4, 1),
(493, 'E0403', 'Advanced Web Technology', 'DAPIT004', 0, 4, 1),
(494, 'E0404', 'Programming with Python', 'DAPIT004', 0, 4, 1),
(495, 'C0208', 'Computer Programming and Utilization', 'GAPIT004', 1, 5, 0),
(496, 'M0407', 'Fundamental of Computer Application', 'GAPIT004', 1, 5, 0),
(497, 'C0041', 'Data Structures', 'GAPIT004', 1, 5, 0),
(498, 'C0156', 'Database Management Systems', 'GAPIT004', 1, 5, 0),
(499, 'E0405', 'Probability and Statistics', 'GAPIT004', 2, 5, 0),
(500, 'E0406', 'Operating System', 'GAPIT004', 2, 5, 0),
(501, 'M0408', 'Object Oriented Programming With C++', 'GAPIT004', 2, 5, 0),
(502, 'C0117', 'Computer Networks', 'GAPIT004', 2, 5, 0),
(503, 'C0114', 'Computer Organization & Architecture', 'GAPIT004', 3, 5, 0),
(504, 'C0033', 'Cyber Security', 'GAPIT004', 3, 5, 0),
(505, 'C0034', 'Object Oriented Programming using JAVA', 'GAPIT004', 3, 5, 0),
(506, 'C0038', 'System Programming', 'GAPIT004', 3, 5, 0),
(507, 'Elec1', 'Elective - I', 'GAPIT004', 3, 5, 0),
(508, 'Elec2', 'Elective - II', 'GAPIT004', 3, 5, 0),
(509, 'C0113', 'Computer Graphics', 'GAPIT004', 4, 5, 0),
(510, 'C0032', 'Web Programming using ASP.NET', 'GAPIT004', 4, 5, 0),
(511, 'C0032', 'Web Technology', 'GAPIT004', 4, 5, 0),
(512, 'M0409', 'Embedded and VLSI Design', 'GAPIT004', 4, 5, 0),
(513, 'Elec3', 'Elective - III', 'GAPIT004', 4, 5, 0),
(514, 'Proj6', 'Project/ Training Certificate', 'GAPIT004', 4, 5, 0),
(515, 'C0177', 'Web and Network Security', 'GAPIT004', 0, 5, 1),
(516, 'C0057', 'Android Application Development', 'GAPIT004', 0, 5, 1),
(517, 'C0176', 'Web Designing Using Php And Mysql', 'GAPIT004', 0, 5, 1),
(518, 'C0007', 'Data Mining and Warehousing', 'GAPIT004', 0, 5, 1),
(519, 'E0407', 'Mobile Computing and Wireless Communication', 'GAPIT004', 0, 5, 1),
(520, 'C0040', 'Service Oriented Computing', 'GAPIT004', 0, 5, 1),
(521, 'C0109', 'Distributed DBMS', 'GAPIT004', 0, 5, 1),
(522, 'E0408', 'Data Mining and Business Intelligence', 'GAPIT004', 0, 5, 1),
(523, 'E0409', 'Big Data Analytics', 'GAPIT004', 0, 5, 1),
(524, 'E0410', 'Artificial Intelligence', 'GAPIT004', 0, 5, 1),
(525, 'E0411', 'IOT and Applications', 'GAPIT004', 0, 5, 1),
(526, 'C0011', 'Python Programming', 'GAPIT004', 0, 5, 1),
(527, 'C0096', 'Cloud Infrastructure and Services', 'GAPIT004', 0, 5, 1),
(528, 'C0140', 'iOS Programming', 'GAPIT004', 0, 5, 1),
(529, 'C0026', 'Android Programming', 'GAPIT004', 0, 5, 1),
(530, 'C0095', 'Mutlimedia and Animation', 'GAPIT004', 0, 5, 1),
(531, 'C0008', 'Numerical Methods For Computer Engineering', 'PGAPIT004', 1, 7, 0),
(532, 'E0412', 'Computer Algorithm', 'PGAPIT004', 1, 7, 0),
(533, 'M0410', 'Wireless Communication', 'PGAPIT004', 1, 7, 0),
(534, 'C0030', 'Service Oriented Architecture', 'PGAPIT004', 1, 7, 0),
(535, 'C0178', 'Advance Database', 'PGAPIT004', 1, 7, 0),
(536, 'Elec1', 'Elective - I', 'PGAPIT004', 1, 8, 0),
(537, 'Elec2', 'Elective - II', 'PGAPIT004', 1, 8, 0),
(538, 'Elec3', 'Elective - III', 'PGAPIT004', 1, 8, 0),
(539, 'C0151', 'Data Mining and Warehousing', 'PGAPIT004', 2, 7, 0),
(540, 'M0411', 'E-Commerce', 'PGAPIT004', 2, 7, 0),
(541, 'C0040', 'Network Security and Cryptography', 'PGAPIT004', 2, 7, 0),
(542, 'M0412', 'Data Structures and Algorithms', 'PGAPIT004', 2, 7, 0),
(543, 'M0413', 'Artificial Intelligence', 'PGAPIT004', 2, 7, 0),
(544, 'Elec4', 'Elective - IV', 'PGAPIT004', 2, 8, 0),
(545, 'Elec5', 'Elective - V', 'PGAPIT004', 2, 8, 0),
(546, 'Proj6', 'Project/ Training Certificate', 'PGAPIT004', 2, 10, 0),
(547, 'M0414', 'Image Processing', 'PGAPIT004', 0, 8, 1),
(548, 'C0011', 'Data Mining', 'PGAPIT004', 0, 8, 1),
(549, 'C0084', 'Information Security', 'PGAPIT004', 0, 8, 1),
(550, 'E0413', 'Wireless Adhoc Network', 'PGAPIT004', 0, 8, 1),
(551, 'E0414', 'Digital Forensic', 'PGAPIT004', 0, 8, 1),
(552, 'E0415', 'Data Mining and Warehousing', 'PGAPIT004', 0, 8, 1),
(553, 'E0416', 'IT Infrastructure Management', 'PGAPIT004', 0, 8, 1),
(554, 'C0040', 'Software Project Management', 'PGAPIT004', 0, 8, 1),
(555, 'E0417', 'Internet Technology', 'PGAPIT004', 0, 8, 1),
(556, 'C0156', 'Database Management Systems', 'PGAPIT004', 0, 8, 1),
(557, 'C0094', 'Ubiquous Computing', 'PGAPIT004', 0, 8, 1),
(558, 'C0042', 'Advance Operating System', 'PGAPIT004', 0, 8, 1),
(559, 'C0174', 'Internetworking and Applications', 'PGAPIT004', 0, 8, 1),
(560, 'C0003', 'Computer Vision', 'PGAPIT004', 0, 8, 1),
(561, 'E0418', 'Wireless Sensor Network for IT', 'PGAPIT004', 0, 8, 1),
(562, 'E0419', 'Embedded System and Programming', 'PGAPIT004', 0, 8, 1),
(563, 'M0501', 'Computer Fundamentals & Applications', 'DAPCSE005', 1, 4, 0),
(564, 'C0139', 'Programming in C', 'DAPCSE005', 1, 4, 0),
(565, 'C0041', 'Data Structure', 'DAPCSE005', 1, 4, 0),
(566, 'C0117', 'Operating System', 'DAPCSE005', 1, 4, 0),
(567, 'C0054', 'Electronic Devices and circuits', 'DAPCSE005', 2, 4, 0),
(568, 'C0039', 'Data communication & Computer Network', 'DAPCSE005', 2, 4, 0),
(569, 'M0502', 'Object Oriented Programming Methodologies', 'DAPCSE005', 2, 4, 0),
(570, 'C0042', 'Database Management System', 'DAPCSE005', 2, 4, 0),
(571, 'Elec1', 'Elective - I', 'DAPCSE005', 2, 4, 0),
(572, 'C0117', 'Operating System', 'DAPCSE005', 3, 4, 0),
(573, 'M0503', 'Computer architecture', 'DAPCSE005', 3, 4, 0),
(574, 'C0155', 'Software Engineering', 'DAPCSE005', 3, 4, 0),
(575, 'C0094', 'Internet Technology', 'DAPCSE005', 3, 4, 0),
(576, 'Elec2', 'Elective - II', 'DAPCSE005', 3, 4, 0),
(577, 'Proj6', 'Project/ Training Certificate', 'DAPIT004', 3, 4, 0),
(578, 'E0501', 'Web Development Tools', 'DAPCSE005', 0, 4, 1),
(579, 'E0502', 'Computer Maintenace and Trouble Shooting', 'DAPCSE005', 0, 4, 1),
(580, 'C0179', 'Network Management and Administration', 'DAPCSE005', 0, 4, 1),
(581, 'E0503', 'Mobile Computing and Application Development', 'DAPCSE005', 0, 4, 1),
(582, 'E0504', 'Dynamic Webpage with Scripting Language', 'DAPCSE005', 0, 4, 1),
(583, 'E0505', 'Advance Web Technology', 'DAPCSE005', 0, 4, 1),
(584, 'C0040', 'E-commerce', 'DAPCSE005', 0, 4, 1),
(585, 'C0032', 'Computer Graphics', 'DAPCSE005', 0, 4, 1),
(586, 'E0506', 'Mobile Computing', 'DAPCSE005', 0, 4, 1),
(587, 'C0180', 'Advance Java', 'DAPCSE005', 0, 4, 1),
(588, 'C0208', 'Computer Programming and Utilization', 'GAPCSE005', 1, 5, 0),
(589, 'C0041', 'Data Structures', 'GAPCSE005', 1, 5, 0),
(590, 'C0042', 'Database Management Systems', 'GAPCSE005', 1, 5, 0),
(591, 'M0504', 'Digital Fundamentals', 'GAPCSE005', 1, 5, 0),
(592, 'C0117', 'Operating System', 'GAPCSE005', 2, 5, 0),
(593, 'C0114', 'Object Oriented Programming With C++', 'GAPCSE005', 2, 5, 0),
(594, 'C0034', 'Computer Organization & Architecture', 'GAPCSE005', 2, 5, 0),
(595, 'C0033', 'Computer Networks', 'GAPCSE005', 2, 5, 0),
(596, 'C0038', 'Cyber Security', 'GAPCSE005', 3, 5, 0),
(597, 'M0505', 'Analysis and Design of Algorithms', 'GAPCSE005', 3, 5, 0),
(598, 'C0113', 'Object Oriented Programming using JAVA', 'GAPCSE005', 3, 5, 0),
(599, 'C0106', 'Microprocessor and Interfacing', 'GAPCSE005', 3, 5, 0),
(600, 'Elec1', 'Elective - I', 'GAPCSE005', 3, 5, 0),
(601, 'Elec2', 'Elective - II', 'GAPCSE005', 3, 5, 0),
(602, 'C0166', 'System Programming', 'GAPCSE005', 4, 5, 0),
(603, 'C0155', 'Software Engineering', 'GAPCSE005', 4, 5, 0),
(604, 'C0032', 'Computer Graphics', 'GAPCSE005', 4, 5, 0),
(605, 'C0177', 'Web Technology', 'GAPCSE005', 4, 5, 0),
(606, 'Elec3', 'Elective - III', 'GAPCSE005', 4, 5, 0),
(607, 'Proj6', 'Project/ Training Certificate', 'GAPCSE005', 4, 5, 0),
(608, 'C0057', 'Embedded and VLSI Design  ', 'GAPCSE005', 0, 5, 1),
(609, 'E0507', 'Net Technology  ', 'GAPCSE005', 0, 5, 1),
(610, 'E0508', 'Complier Design', 'GAPCSE005', 0, 5, 1),
(611, 'E0509', 'Information and Network Security', 'GAPCSE005', 0, 5, 1),
(612, 'C0109', 'Mobile Computing and Wireless Communication', 'GAPCSE005', 0, 5, 1),
(613, 'C0011', 'Artificial Intelligence', 'GAPCSE005', 0, 5, 1),
(614, 'C0096', 'IOT and Applications  ', 'GAPCSE005', 0, 5, 1),
(615, 'C0140', 'Python Programming  ', 'GAPCSE005', 0, 5, 1),
(616, 'C0026', 'Cloud Infrastructure and Services  ', 'GAPCSE005', 0, 5, 1),
(617, 'C0095', 'iOS Programming  ', 'GAPCSE005', 0, 5, 1),
(618, 'C0008', 'Android Programming  ', 'GAPCSE005', 0, 5, 1),
(619, 'M0506', 'Numerical methods for Computer Engineering', 'PGAPCSE005', 1, 7, 0),
(620, 'C0030', 'Computer Algorithm', 'PGAPCSE005', 1, 7, 0),
(621, 'C0178', 'Wireless Communication', 'PGAPCSE005', 1, 7, 0),
(622, 'C0151', 'Service Oriented Architecture', 'PGAPCSE005', 1, 7, 0),
(623, 'M0507', 'Distributed Computing and Applications', 'PGAPCSE005', 1, 7, 0),
(624, 'Elec1', 'Elective - I', 'PGAPCSE005', 1, 8, 0),
(625, 'Elec2', 'Elective - II', 'PGAPCSE005', 1, 8, 0),
(626, 'Elec3', 'Elective - III', 'PGAPCSE005', 1, 8, 0),
(627, 'C0177', 'Web Technology', 'PGAPCSE005', 2, 7, 0),
(628, 'M0508', 'Software Testing and Verification', 'PGAPCSE005', 2, 7, 0),
(629, 'M0509', 'Multimedia Systems', 'PGAPCSE005', 2, 7, 0),
(630, 'C0011', 'Artificial Intelligence', 'PGAPCSE005', 2, 7, 0),
(631, 'M0510', 'Machine Learning and Data Analytics', 'PGAPCSE005', 2, 7, 0),
(632, 'Elec4', 'Elective - IV', 'PGAPIT004', 2, 8, 0),
(633, 'Elec5', 'Elective - V', 'PGAPIT004', 2, 8, 0),
(634, 'Proj6', 'Project/ Training Certificate', 'PGAPIT004', 2, 10, 0),
(635, 'E0510', 'Distributed Operating System', 'PGAPCSE005', 0, 7, 1),
(636, 'E0511', 'Information Security', 'PGAPCSE005', 0, 7, 1),
(637, 'C0084', 'Image Processing', 'PGAPCSE005', 0, 7, 1),
(638, 'E0512', 'Data Mining and Data Warehousing', 'PGAPCSE005', 0, 7, 1),
(639, 'E0513', 'Global Information & Positioning System', 'PGAPCSE005', 0, 7, 1),
(640, 'C0156', 'Software Project Management', 'PGAPCSE005', 0, 7, 1),
(641, 'E0514', 'Embedded System', 'PGAPCSE005', 0, 7, 1),
(642, 'C0003', 'Advance Operating System', 'PGAPCSE005', 0, 7, 1),
(643, 'C0094', 'Internet Technology', 'PGAPCSE005', 0, 7, 1),
(644, 'E0515', 'OOP with Java', 'PGAPCSE005', 0, 7, 1),
(645, 'C0174', 'Ubiquous Computing', 'PGAPCSE005', 0, 7, 1),
(646, 'E0516', 'Pattern Recognization', 'PGAPCSE005', 0, 7, 1),
(647, 'C0025', 'Cloud Computing', 'PGAPCSE005', 0, 7, 1),
(648, 'E0517', 'Distributed Database Application System', 'PGAPCSE005', 0, 7, 1),
(649, 'E0518', 'Soft Computing', 'PGAPCSE005', 0, 7, 1),
(650, 'E0519', 'Semantic Web', 'PGAPCSE005', 0, 7, 1),
(653, 'M0601', 'Machine Drawing', 'DAPAE006', 1, 4, 0),
(654, 'C0172', 'Thermal Engineering', 'DAPAE006', 1, 4, 0),
(655, 'C0013', 'Automobile Engines', 'DAPAE006', 2, 4, 0),
(656, 'M0602', 'Autotronics', 'DAPAE006', 2, 4, 0),
(657, 'M0603', 'Industrial Management and Road Transport organization', 'DAPAE006', 2, 4, 0),
(658, 'M0604', 'Automobile Chassis and Transmission', 'DAPAE006', 2, 4, 0),
(659, 'Elec1', 'Elective - I', 'DAPAE006', 2, 4, 0),
(660, 'M0605', 'Automobile Body Building Engineering', 'DAPAE006', 3, 4, 0),
(661, 'M0606', 'Computer Aided Design and Manufacturing', 'DAPAE006', 3, 4, 0),
(662, 'C0141', 'Refrigeration & Air Conditioning', 'DAPAE006', 3, 4, 0),
(663, 'C0080', 'Heat Transfer', 'DAPAE006', 3, 4, 0),
(664, 'Elec2', 'Elective - II', 'DAPAE006', 3, 4, 0),
(665, 'Proj6', 'Project/ Training Certificate', 'DAPAE006', 3, 4, 0),
(666, 'C0173', 'Total Quality Management', 'DAPAE006', 0, 4, 1),
(667, 'E0601', 'Alternative fuels and Energy Systems', 'DAPAE006', 0, 4, 1),
(668, 'E0602', 'Automobile Maintenance & Emission Control', 'DAPAE006', 0, 4, 1),
(669, 'E0603', 'Two and Three Wheeler Technology', 'DAPAE006', 0, 4, 1),
(670, 'E0604', 'Tractor and Farm Equipments', 'DAPAE006', 0, 4, 1),
(671, 'E0605', 'Automobile Air-Conditioning System', 'DAPAE006', 0, 4, 1),
(672, 'C0017', 'Basic Mechanical Engineering', 'GAPAE006', 1, 5, 0),
(673, 'C0061', 'Engineering Graphics & Design', 'GAPAE006', 1, 5, 0),
(674, 'C0062', 'Engineering Mathematics', 'GAPAE006', 1, 5, 0),
(675, 'C0100', 'Material Science and Metallurgy', 'GAPAE006', 1, 5, 0),
(676, 'C0064', 'Engineering Thermodynamics', 'GAPAE006', 2, 5, 0),
(677, 'M0607', 'Kinematics and Theory of Machine', 'GAPAE006', 2, 5, 0),
(678, 'M0608', 'Basics of Automobile Systems', 'GAPAE006', 2, 5, 0),
(679, 'M0609', 'Automotive Manufacturing Processes and Technology', 'GAPAE006', 2, 5, 0),
(680, 'M0610', 'Fluid Mechanics and Fluid Machines', 'GAPAE006', 3, 5, 0),
(681, 'C0078', 'Fundamentals of Machine Design', 'GAPAE006', 3, 5, 0),
(682, 'C0104', 'Mechanics of Solids', 'GAPAE006', 3, 5, 0),
(683, 'C0098', 'Manufacturing Processes', 'GAPAE006', 3, 5, 0),
(684, 'Elec1', 'Elective - I', 'GAPAE006', 3, 5, 0),
(685, 'Elec2', 'Elective - II', 'GAPAE006', 3, 5, 0),
(686, 'C0100', 'Material Science and Metallurgy', 'GAPAE006', 4, 5, 0),
(687, 'C0013', 'Automobile Engines', 'GAPAE006', 4, 5, 0),
(688, 'M0611', 'Mechanical Measurement and Metrology', 'GAPAE006', 4, 5, 0),
(689, 'M0612', 'Fluid Mechanics', 'GAPAE006', 4, 5, 0),
(690, 'Elec3', 'Elective - III', 'GAPAE006', 4, 5, 0),
(691, 'Proj6', 'Project/ Training Certificate', 'GAPAE006', 4, 5, 0),
(692, 'E0606', 'Machine Design and Industrial Drafting', 'GAPAE006', 0, 5, 1),
(693, 'E0607', 'Automobile Systems', 'GAPAE006', 0, 5, 1),
(694, 'E0608', 'Automotive Manufacturing', 'GAPAE006', 0, 5, 1),
(695, 'E0609', 'Automobile Transmission', 'GAPAE006', 0, 5, 1),
(696, 'E0610', 'Automotive Electrical Systems', 'GAPAE006', 0, 5, 1),
(697, 'C0080', 'Heat Transfer', 'GAPAE006', 0, 5, 1),
(698, 'E0611', 'Automobile Chassis and Body Engineering', 'GAPAE006', 0, 5, 1),
(699, 'E0612', 'Alternative Fuel and Power Systems', 'GAPAE006', 0, 5, 1),
(700, 'E0613', 'Automotive Computer Controlled Systems', 'GAPAE006', 0, 5, 1),
(701, 'C0141', 'Refrigeration & Air Conditioning', 'GAPAE006', 0, 5, 1),
(702, 'E0614', 'Automobile Component Design', 'GAPAE006', 0, 5, 1),
(703, 'C0175', 'Vehicle Dynamics  ', 'GAPAE006', 0, 5, 1),
(704, 'E0615', 'Vehicle Testing and Homologation', 'GAPAE006', 0, 5, 1),
(705, 'E0616', 'Applied Industrial Engineering in Automobile  ', 'GAPAE006', 0, 5, 1),
(706, 'E0617', 'Noise, Vibration and Harshness and Safety  ', 'GAPAE006', 0, 5, 1),
(707, 'C0029', 'Computational Method for Mechanical Engineering', 'PGAPAE006', 1, 7, 0),
(708, 'M0613', 'Advanced Thermodynamics & Heat Transfer', 'PGAPAE006', 1, 7, 0),
(709, 'M0614', 'Advanced Fluid Mechanics', 'PGAPAE006', 1, 7, 0),
(710, 'M0615', 'Experimental Techniques and Instrumentations in Automobile Engineering', 'PGAPAE006', 1, 7, 0),
(711, 'M0616', 'Fundamentals of I.C Engine and Automobile', 'PGAPAE006', 1, 7, 0),
(712, 'Elec1', 'Elective - I', 'PGAPAE006', 1, 8, 0),
(713, 'Elec2', 'Elective - II', 'PGAPAE006', 1, 8, 0),
(714, 'Elec3', 'Elective - III', 'PGAPAE006', 1, 8, 0),
(715, 'M0617', 'Automobile Refrigeration & A/C', 'PGAPAE006', 2, 7, 0),
(716, 'M0618', 'Automobile Maintenance and Pollution Control', 'PGAPAE006', 2, 7, 0),
(717, 'M0619', 'Automotive Chassis & Body Engineering', 'PGAPAE006', 2, 7, 0),
(718, 'M0620', 'Energy Economics and Management', 'PGAPAE006', 2, 7, 0),
(719, 'M0621', 'Automotive Testing and certification', 'PGAPAE006', 2, 7, 0),
(720, 'Elec4', 'Elective - IV', 'PGAPAE006', 2, 8, 0),
(721, 'Elec5', 'Elective - V', 'PGAPAE006', 2, 8, 0),
(722, 'Proj6', 'Project/ Training Certificate', 'PGAPAE006', 2, 10, 0),
(723, 'E0618', 'Combustion Engineering', 'PGAPAE006', 0, 8, 1),
(724, 'C0028', 'Computational Fluid Dynamics', 'PGAPAE006', 0, 8, 1),
(725, 'E0619', 'Alternate Fuels and Energy', 'PGAPAE006', 0, 8, 1),
(726, 'E0620', 'Modern Vehicle Design', 'PGAPAE006', 0, 8, 1),
(727, 'C0175', 'Vehicle Dynamics', 'PGAPAE006', 0, 8, 1),
(728, 'E0621', 'High Speed Diesel Engine', 'PGAPAE006', 0, 8, 1),
(729, 'E0622', 'Design and Optimization of Thermal System', 'PGAPAE006', 0, 8, 1),
(730, 'E0623', 'Automotive Aerodynamics & Safety', 'PGAPAE006', 0, 8, 1),
(731, 'E0624', 'I.C.Engine modeling and Simulation', 'PGAPAE006', 0, 8, 1),
(732, 'E0625', 'Design of Heat Exchanger', 'PGAPAE006', 0, 8, 1),
(733, 'E0626', 'Hydraulic & Pneumatic systems in Automotive Vehicles', 'PGAPAE006', 0, 8, 1),
(734, 'C0062', 'Engineering Mathematics', 'DAPETE007', 1, 4, 0),
(735, 'M0701', 'Fundamentals of Electrical & Electronics', 'DAPETE007', 1, 4, 0),
(736, 'C0031', 'Computer Concepts & C Programming', 'DAPETE007', 1, 4, 0),
(737, 'C0041', 'Data Structures', 'DAPETE007', 1, 4, 0),
(738, 'C0114', 'Object Oriented Programming with C++', 'DAPETE007', 2, 4, 0),
(739, 'M0702', 'Computer Organization', 'DAPETE007', 2, 4, 0),
(740, 'M0703', 'Logic Design', 'DAPETE007', 2, 4, 0),
(741, 'M0704', 'Analysis & Design of Information Systems', 'DAPETE007', 2, 4, 0),
(742, 'Elec1', 'Elective - I', 'DAPETE007', 2, 4, 0),
(743, 'M0705', 'Operating Systems & Systems Software', 'DAPETE007', 3, 4, 0),
(744, 'M0706', 'Microprocessors & Microcontrollers', 'DAPETE007', 3, 4, 0),
(745, 'C0042', 'Database Management Systems', 'DAPETE007', 3, 4, 0),
(746, 'M0707', 'Java & Web Programming', 'DAPETE007', 3, 4, 0),
(747, 'Elec2', 'Elective - II', 'DAPETE007', 3, 4, 0),
(748, 'Proj6', 'Project/ Training Certificate', 'DAPETE007', 3, 4, 0),
(749, 'C0039', 'Data Communication & Computer Networks', 'DAPETE007', 0, 4, 1),
(750, 'C0155', 'Software Engineering', 'DAPETE007', 0, 4, 1),
(751, 'E0701', 'Computer Graphics & Visualization', 'DAPETE007', 0, 4, 1),
(752, 'E0702', 'C# & .Net', 'DAPETE007', 0, 4, 1),
(753, 'C0093', 'Internet Applications', 'DAPETE007', 0, 4, 1),
(754, 'C0025', 'Cloud Computing', 'DAPETE007', 0, 4, 1),
(755, 'C0058', 'Embedded Systems', 'DAPETE007', 0, 4, 1),
(756, 'E0703', 'Mobile Applications Development', 'DAPETE007', 0, 4, 1),
(757, 'E0704', 'Network Management', 'DAPETE007', 0, 4, 1),
(758, 'C0062', 'Engineering Mathematics', 'GAPETE007', 1, 5, 0),
(759, 'C0031', 'Computer Concepts & C Programming', 'GAPETE007', 1, 5, 0),
(760, 'C0054', 'Electronic Devices and Circuits', 'GAPETE007', 1, 5, 0),
(761, 'M0708', 'Linear ICs & Digital Electronics', 'GAPETE007', 1, 5, 0),
(762, 'M0709', 'Principles of Electrical Engineering', 'GAPETE007', 2, 5, 0);
INSERT INTO `heysushil_course_related_subjects` (`id`, `subject_code`, `subject_name`, `course_code`, `subject_semester`, `subject_grade`, `subject_type`) VALUES
(763, 'M0710', 'Materials & Processes', 'GAPETE007', 2, 5, 0),
(764, 'C0036', 'Control Engineering', 'GAPETE007', 2, 5, 0),
(765, 'M0711', 'Circuit Theory & Design', 'GAPETE007', 2, 5, 0),
(766, 'M0712', 'Instrumentation & Measurements', 'GAPETE007', 3, 5, 0),
(767, 'C0153', 'Signals & Systems', 'GAPETE007', 3, 5, 0),
(768, 'M0713', 'Operations Research & Engineering Management', 'GAPETE007', 3, 5, 0),
(769, 'M0714', 'Electromagnetics & Radiation Systems', 'GAPETE007', 3, 5, 0),
(770, 'Elec1', 'Elective - I', 'GAPETE007', 3, 5, 0),
(771, 'Elec2', 'Elective - II', 'GAPETE007', 3, 5, 0),
(772, 'M0715', 'Telecommunication Switching System', 'GAPETE007', 4, 5, 0),
(773, 'M0716', 'Analog Communications', 'GAPETE007', 4, 5, 0),
(774, 'M0717', 'Embedded Systems Design', 'GAPETE007', 4, 5, 0),
(775, 'C0045', 'Digital Communications', 'GAPETE007', 4, 5, 0),
(776, 'Elec3', 'Elective - III', 'GAPETE007', 4, 5, 0),
(777, 'Proj6', 'Project/ Training Certificate', 'GAPETE007', 4, 5, 0),
(778, 'C0039', 'Data Communication & Computer Networks', 'GAPETE007', 0, 5, 1),
(779, 'E0705', 'Microwave Theory & Techniques', 'GAPETE007', 0, 5, 1),
(780, 'C0047', 'Digital Signal Processing', 'GAPETE007', 0, 5, 1),
(781, 'E0706', 'VLSI Design', 'GAPETE007', 0, 5, 1),
(782, 'C0133', 'Power Electronics', 'GAPETE007', 0, 5, 1),
(783, 'C0117', 'Operating Systems', 'GAPETE007', 0, 5, 1),
(784, 'E0707', 'Information Theory & Coding', 'GAPETE007', 0, 5, 1),
(785, 'E0708', 'Radar & Navigational Aids', 'GAPETE007', 0, 5, 1),
(786, 'E0709', 'Wireless & Mobile Systems', 'GAPETE007', 0, 5, 1),
(787, 'C0093', 'Internet Applications', 'GAPETE007', 0, 5, 1),
(788, 'E0710', 'Cyber Crimes & IPR', 'GAPETE007', 0, 5, 1),
(789, 'M0718', 'Advanced Communication Engineering', 'PGAPETE007', 1, 7, 0),
(790, 'M0719', 'Image and Video Processing', 'PGAPETE007', 1, 7, 0),
(791, 'M0720', 'Information Theory and Coding', 'PGAPETE007', 1, 7, 0),
(792, 'C0047', 'Digital Signal Processing', 'PGAPETE007', 1, 7, 0),
(793, 'M0721', 'Communication Network', 'PGAPETE007', 1, 7, 0),
(794, 'Elec1', 'Elective - I', 'PGAPETE007', 1, 8, 0),
(795, 'Elec2', 'Elective - II', 'PGAPETE007', 1, 8, 0),
(796, 'Elec3', 'Elective - III', 'PGAPETE007', 1, 8, 0),
(797, 'C0150', 'Sensor Networks', 'PGAPETE007', 2, 7, 0),
(798, 'M0722', 'Photonic Network', 'PGAPETE007', 2, 7, 0),
(799, 'M0723', 'Biomedical Signal Processing', 'PGAPETE007', 2, 7, 0),
(800, 'M0724', 'Wireless and Mobile Communication', 'PGAPETE007', 2, 7, 0),
(801, 'M0725', 'Networks and Systems Security', 'PGAPETE007', 2, 7, 0),
(802, 'Elec4', 'Elective - IV', 'PGAPETE007', 2, 8, 0),
(803, 'Elec5', 'Elective - V', 'PGAPETE007', 2, 8, 0),
(804, 'Proj6', 'Project/ Training Certificate', 'PGAPETE007', 2, 10, 0),
(805, 'E0711', 'Computational Intelligence', 'PGAPETE007', 0, 8, 1),
(806, 'E0712', 'Statistical Signal Processing', 'PGAPETE007', 0, 8, 1),
(807, 'E0713', 'Design and Analysis of Algorithms', 'PGAPETE007', 0, 8, 1),
(808, 'E0714', 'VLSI Signal processing', 'PGAPETE007', 0, 8, 1),
(809, 'C0001', 'Adaptive and Robust Control', 'PGAPETE007', 0, 8, 1),
(810, 'E0715', 'EMI and EMC Techniques', 'PGAPETE007', 0, 8, 1),
(811, 'C0142', 'Remote Sensing Systems', 'PGAPETE007', 0, 8, 1),
(812, 'E0716', 'Optical Communication', 'PGAPETE007', 0, 8, 1),
(813, 'E0717', 'Antenna Theory', 'PGAPETE007', 0, 8, 1),
(814, 'C0062', 'Engineering Mathematics', 'PGAPETE007', 0, 8, 1),
(815, 'E0718', 'Low Power VLSI Circuit & System', 'PGAPETE007', 0, 8, 1),
(816, 'C0150', 'Sensor Networks', 'PGAPETE007', 0, 8, 1),
(817, 'E0719', 'Advanced Digital System Design', 'PGAPETE007', 0, 8, 1),
(818, 'C0027', 'Computational Electromagnetics', 'PGAPETE007', 0, 8, 1),
(819, 'C0149', 'Semiconductor Device Modeling', 'PGAPETE007', 0, 8, 1),
(820, 'E0720', 'Satellite Communication', 'PGAPETE007', 0, 8, 1),
(821, 'E0721', 'Fiber Optic Sensors', 'PGAPETE007', 0, 8, 1),
(822, 'E0722', 'Microwave Design and Measurement', 'PGAPETE007', 0, 8, 1),
(823, 'E0723', 'Modern Radar System', 'PGAPETE007', 0, 8, 1),
(824, 'E0724', 'Adaptive Signal Processing', 'PGAPETE007', 0, 8, 1),
(825, 'E0725', 'Array Signal Processing', 'PGAPETE007', 0, 8, 1),
(826, 'E0726', 'Multimedia Network', 'PGAPETE007', 0, 8, 1),
(827, 'C0033', 'Computer Networks', 'PGAPETE007', 0, 8, 1),
(828, 'M0801', 'Engineering Chemistry', 'DAPCE008', 1, 4, 0),
(829, 'C0066', 'Environment Conservation & Hazard Management', 'DAPCE008', 1, 4, 0),
(830, 'C0119', 'Physical Analytical & Inorganic Chemistry', 'DAPCE008', 1, 4, 0),
(831, 'M0802', 'Organic Chemistry', 'DAPCE008', 1, 4, 0),
(832, 'M0803', 'Pollution Control & Effluent Treatment', 'DAPCE008', 2, 4, 0),
(833, 'M0804', 'Chemical Process Technology', 'DAPCE008', 2, 4, 0),
(834, 'M0805', 'Industrial Stoichiometry', 'DAPCE008', 2, 4, 0),
(835, 'C0074', 'Fluid Flow Operation', 'DAPCE008', 2, 4, 0),
(836, 'Elec1', 'Elective - I', 'DAPCE008', 2, 4, 0),
(837, 'C0137', 'Process Heat Transfer', 'DAPCE008', 3, 4, 0),
(838, 'M0806', 'Mass Transfer', 'DAPCE008', 3, 4, 0),
(839, 'M0807', 'Mechanical Operations', 'DAPCE008', 3, 4, 0),
(840, 'M0808', 'Safety & Hazards Management in Chemical Industries', 'DAPCE008', 3, 4, 0),
(841, 'Elec2', 'Elective - II', 'DAPCE008', 3, 4, 0),
(842, 'Proj6', 'Project/ Training Certificate', 'DAPCE008', 3, 4, 0),
(843, 'E0801', 'Chemical Engineering Drawing', 'DAPCE008', 0, 4, 1),
(844, 'E0802', 'Petroleum Refining and Petrochemical Technology', 'DAPCE008', 0, 4, 1),
(845, 'E0803', 'Utilities & Instrumentation in Chemical Plant', 'DAPCE008', 0, 4, 1),
(846, 'C0021', 'Chemical Engineering Thermodynamics', 'DAPCE008', 0, 4, 1),
(847, 'C0090', 'Industrial Management', 'DAPCE008', 0, 4, 1),
(848, 'E0804', 'Chemical Engineering Plant Economics', 'DAPCE008', 0, 4, 1),
(849, 'E0805', 'Fertilizer Technology', 'DAPCE008', 0, 4, 1),
(850, 'E0806', 'Chemical Reaction Engineering', 'DAPCE008', 0, 4, 1),
(851, 'E0807', 'Pulp and Paper Technology', 'DAPCE008', 0, 4, 1),
(852, 'E0808', 'Polymer Technology', 'DAPCE008', 0, 4, 1),
(853, 'E0809', 'Sugar & Food Technology', 'DAPCE008', 0, 4, 1),
(854, 'E0810', 'Pharmaceutical Technology', 'DAPCE008', 0, 4, 1),
(855, 'M0809', 'Applied Chemistry', 'GAPCE008', 1, 5, 0),
(856, 'C0062', 'Engineering Mathematics', 'GAPCE008', 1, 5, 0),
(857, 'C0074', 'Fluid Flow Operations', 'GAPCE008', 1, 5, 0),
(858, 'C0021', 'Chemical Engineering Thermodynamics', 'GAPCE008', 1, 5, 0),
(859, 'M0810', 'Material and Energy Balance Computations', 'GAPCE008', 2, 5, 0),
(860, 'M0811', 'Unit Processes & Chemical Technology', 'GAPCE008', 2, 5, 0),
(861, 'M0812', 'Numerical Methods in Chemical Engineering', 'GAPCE008', 2, 5, 0),
(862, 'M0813', 'Organic Chemistry and Unit Processes', 'GAPCE008', 2, 5, 0),
(863, 'M0814', 'Chemical Process Industries - I', 'GAPCE008', 3, 5, 0),
(864, 'M0815', 'Chemical Engineering Materials', 'GAPCE008', 3, 5, 0),
(865, 'M0816', 'Material Science and Technology', 'GAPCE008', 3, 5, 0),
(866, 'M0817', 'Physical And Inorganic Chemistry', 'GAPCE008', 3, 5, 0),
(867, 'Elec1', 'Elective - I', 'GAPCE008', 3, 5, 0),
(868, 'Elec2', 'Elective - II', 'GAPCE008', 3, 5, 0),
(869, 'M0818', 'Chemical Engineering Maths', 'GAPCE008', 4, 5, 0),
(870, 'M0819', 'Mass Transfer Operation - I', 'GAPCE008', 4, 5, 0),
(871, 'M0820', 'Instrumentation and Process Control', 'GAPCE008', 4, 5, 0),
(872, 'M0821', 'Process Equipment Design -I', 'GAPCE008', 4, 5, 0),
(873, 'Elec3', 'Elective - III', 'GAPCE008', 4, 5, 0),
(874, 'Proj6', 'Project/ Training Certificate', 'GAPCE008', 4, 5, 0),
(875, 'E0811', 'Advance Separation Techniques  ', 'GAPCE008', 0, 5, 1),
(876, 'E0812', 'Biochemical Engineering  ', 'GAPCE008', 0, 5, 1),
(877, 'E0813', 'Biotechnology  ', 'GAPCE008', 0, 5, 1),
(878, 'E0814', 'Plant Design & Project Engineering', 'GAPCE008', 0, 5, 1),
(879, 'E0815', 'Petrolium Refining and Petrochemicals', 'GAPCE008', 0, 5, 1),
(880, 'E0816', 'Process Modeling, Simulation and Optimization', 'GAPCE008', 0, 5, 1),
(881, 'E0817', 'Transport Phenomena', 'GAPCE008', 0, 5, 1),
(882, 'M0822', 'Numerical Methods and Statistical Analysis for Chemical Engineering', 'PGAPCE008', 1, 7, 0),
(883, 'M0823', 'Advanced Reaction Engineering', 'PGAPCE008', 1, 7, 0),
(884, 'M0824', 'Advanced transport Processes', 'PGAPCE008', 1, 7, 0),
(885, 'C0021', 'Chemical Engineering Thermodynamics', 'PGAPCE008', 1, 7, 0),
(886, 'M0825', 'Advanced Process Control', 'PGAPCE008', 1, 7, 0),
(887, 'Elec1', 'Elective - I', 'PGAPCE008', 1, 8, 0),
(888, 'Elec2', 'Elective - II', 'PGAPCE008', 1, 8, 0),
(889, 'Elec3', 'Elective - III', 'PGAPCE008', 1, 8, 0),
(890, 'M0826', 'Water Pollution Control Technology', 'PGAPCE008', 2, 7, 0),
(891, 'M0827', 'Renewable Energy Technology', 'PGAPCE008', 2, 7, 0),
(892, 'M0828', 'Advances in Fluidization Engg.', 'PGAPCE008', 2, 7, 0),
(893, 'M0829', 'Industrial Energy Systems', 'PGAPCE008', 2, 7, 0),
(894, 'M0830', 'Global Chemical Sustainability', 'PGAPCE008', 2, 7, 0),
(895, 'Elec4', 'Elective - IV', 'PGAPCE008', 2, 8, 0),
(896, 'Elec5', 'Elective - V', 'PGAPCE008', 2, 8, 0),
(897, 'Proj6', 'Project/ Training Certificate', 'PGAPCE008', 2, 10, 0),
(898, 'E0818', 'Advanced Equipment Design', 'PGAPCE008', 0, 8, 1),
(899, 'E0819', 'Petroleum Refinery Engineering', 'PGAPCE008', 0, 8, 1),
(900, 'E0820', 'Membrane Separation Processes', 'PGAPCE008', 0, 8, 1),
(901, 'E0821', 'Modern Petrochemical Technology', 'PGAPCE008', 0, 8, 1),
(902, 'E0822', 'Advanced Process Optimization', 'PGAPCE008', 0, 8, 1),
(903, 'E0823', 'Advanced Mass Transfer', 'PGAPCE008', 0, 8, 1),
(904, 'E0824', 'Process Modelling & Simulation', 'PGAPCE008', 0, 8, 1),
(905, 'E0825', 'Advanced Process Synthesis', 'PGAPCE008', 0, 8, 1),
(906, 'E0826', 'Process Safety Management', 'PGAPCE008', 0, 8, 1),
(907, 'E0827', 'Process Auxiliaries and Utilities', 'PGAPCE008', 0, 8, 1),
(908, 'E0828', 'Fluidization Engineering', 'PGAPCE008', 0, 8, 1),
(909, 'E0829', 'Storage & Handling of materials', 'PGAPCE008', 0, 8, 1),
(910, 'E0830', 'Energy Technology', 'PGAPCE008', 0, 8, 1),
(911, 'E0831', 'Advanced Separation Processes', 'PGAPCE008', 0, 8, 1),
(912, 'E0832', 'Advanced Heat Transfer', 'PGAPCE008', 0, 8, 1),
(913, 'E0833', 'Advanced Analytical Techniques', 'PGAPCE008', 0, 8, 1),
(914, 'E0834', 'CFD Applications in Chemical Engineering', 'PGAPCE008', 0, 8, 1),
(915, 'E0835', 'Polymer science and Technology', 'PGAPCE008', 0, 8, 1),
(916, 'E0836', 'Surface Science and Nano technology', 'PGAPCE008', 0, 8, 1),
(917, 'E0837', 'Bioprocess and Biochemical Engineering', 'PGAPCE008', 0, 8, 1),
(918, 'M0901', 'Electrical Circuit Theory', 'DAPEEE009', 1, 4, 0),
(919, 'C0054', 'Electronic Devices and Circuits', 'DAPEEE009', 1, 4, 0),
(920, 'C0103', 'Measurements and Instruments', 'DAPEEE009', 1, 4, 0),
(921, 'C0051', 'Electrical Machines', 'DAPEEE009', 1, 4, 0),
(922, 'M0902', 'Generation Transmission and Switchgear', 'DAPEEE009', 2, 4, 0),
(923, 'C0105', 'Microcontroller', 'DAPEEE009', 2, 4, 0),
(924, 'M0903', 'Electrical Estimation and Energy Auditing', 'DAPEEE009', 2, 4, 0),
(925, 'M0904', 'Distribution and Utilization', 'DAPEEE009', 2, 4, 0),
(926, 'Elec1', 'Elective - I', 'DAPEEE009', 2, 4, 0),
(927, 'C0133', 'Power Electronics', 'DAPEEE009', 3, 4, 0),
(928, 'C0090', 'Industrial Management', 'DAPEEE009', 3, 4, 0),
(929, 'C0049', 'Electric Traction', 'DAPEEE009', 3, 4, 0),
(930, 'C0090', 'Industrial Management', 'DAPEEE009', 3, 4, 0),
(931, 'Elec2', 'Elective - II', 'DAPEEE009', 3, 4, 0),
(932, 'Proj6', 'Project/ Training Certificate', 'DAPEEE009', 3, 4, 0),
(933, 'C0047', 'Digital Electronics', 'DAPEEE009', 0, 4, 1),
(934, 'E0901', 'Transducers and Signal Conditioners', 'DAPEEE009', 0, 4, 1),
(935, 'C0058', 'Embedded Systems  ', 'DAPEEE009', 0, 4, 1),
(936, 'C0168', 'Testing and Commissioning of Electrical Equipments', 'DAPEEE009', 0, 4, 1),
(937, 'C0016', 'Basic Electrical Engineering', 'GAPEEE009', 1, 5, 0),
(938, 'M0905', 'Basic Electronics', 'GAPEEE009', 1, 5, 0),
(939, 'C0062', 'Engineering Mathematics', 'GAPEEE009', 1, 5, 0),
(940, 'C0024', 'Circuits and Networks', 'GAPEEE009', 1, 5, 0),
(941, 'M0906', 'Analog Electronics', 'GAPEEE009', 2, 5, 0),
(942, 'C0052', 'Electrical Measurements and Measuring Instruments', 'GAPEEE009', 2, 5, 0),
(943, 'C0043', 'DC Machine and Transformer', 'GAPEEE009', 2, 5, 0),
(944, 'M0907', 'AC Machines', 'GAPEEE009', 2, 5, 0),
(945, 'C0053', 'Electrical Power Generation', 'GAPEEE009', 3, 5, 0),
(946, 'C0047', 'Digital Electronics', 'GAPEEE009', 3, 5, 0),
(947, 'M0908', 'Analog Circuit Design', 'GAPEEE009', 3, 5, 0),
(948, 'C0056', 'Elements of Electrical Design', 'GAPEEE009', 3, 5, 0),
(949, 'Elec1', 'Elective - I', 'GAPEEE009', 3, 5, 0),
(950, 'Elec2', 'Elective - II', 'GAPEEE009', 3, 5, 0),
(951, 'M0909', 'Microprocessor and Microcontroller Interfacing', 'GAPEEE009', 4, 5, 0),
(952, 'M0910', 'Control System Engineering', 'GAPEEE009', 4, 5, 0),
(953, 'M0911', 'Robotics Programming and Applications  ', 'GAPEEE009', 4, 5, 0),
(954, 'C0050', 'Electrical Drives  ', 'GAPEEE009', 4, 5, 0),
(955, 'Elec3', 'Elective - III', 'GAPEEE009', 4, 5, 0),
(956, 'Proj6', 'Project/ Training Certificate', 'GAPEEE009', 4, 5, 0),
(957, 'E0902', 'Sensor Networks & Instrumentation', 'GAPEEE009', 0, 5, 1),
(958, 'C0165', 'Switch Gear and Protection', 'GAPEEE009', 0, 5, 1),
(959, 'C0048', 'Digital Signal Processing  ', 'GAPEEE009', 0, 5, 1),
(960, 'C0086', 'Industrial Automation', 'GAPEEE009', 0, 5, 1),
(961, 'C0058', 'Embedded Systems  ', 'GAPEEE009', 0, 5, 1),
(962, 'C0168', 'Testing and Commissioning of Electrical Equipments', 'GAPEEE009', 0, 5, 1),
(963, 'M0912', 'Data Networks', 'PGAPEEE009', 1, 7, 0),
(964, 'C0045', 'Digital Communications', 'PGAPEEE009', 1, 7, 0),
(965, 'M0913', 'Energy Efficient Electronics Technologies', 'PGAPEEE009', 1, 7, 0),
(966, 'M0914', 'Advanced Power Electronics and Drives', 'PGAPEEE009', 1, 7, 0),
(967, 'M0915', 'Modern Control Systems', 'PGAPEEE009', 1, 7, 0),
(968, 'Elec1', 'Elective - I', 'PGAPEEE009', 1, 8, 0),
(969, 'Elec2', 'Elective - II', 'PGAPEEE009', 1, 8, 0),
(970, 'Elec3', 'Elective - III', 'PGAPEEE009', 1, 8, 0),
(971, 'M0916', 'Wide Band-gap Electronics', 'PGAPEEE009', 2, 7, 0),
(972, 'M0917', 'Power Generation Systems', 'PGAPEEE009', 2, 7, 0),
(973, 'M0918', 'Network QoS and Control', 'PGAPEEE009', 2, 7, 0),
(974, 'M0919', 'RF and Microwave', 'PGAPEEE009', 2, 7, 0),
(975, 'M0920', 'Signal Analysis and Modelling', 'PGAPEEE009', 2, 7, 0),
(976, 'Elec4', 'Elective - IV', 'PGAPEEE009', 2, 8, 0),
(977, 'Elec5', 'Elective - V', 'PGAPEEE009', 2, 8, 0),
(978, 'Proj6', 'Project/ Training Certificate', 'PGAPEEE009', 2, 10, 0),
(979, 'E0903', 'Digital Signal Processing for Communications', 'PGAPEEE009', 0, 8, 1),
(980, 'E0904', 'Lasers', 'PGAPEEE009', 0, 8, 1),
(981, 'C0142', 'Remote Sensing Systems', 'PGAPEEE009', 0, 8, 1),
(982, 'C0027', 'Computational Electromagnetics', 'PGAPEEE009', 0, 8, 1),
(983, 'C0149', 'Semiconductor Device Modeling', 'PGAPEEE009', 0, 8, 1),
(984, 'C0001', 'Adaptive and Robust Control', 'PGAPEEE009', 0, 8, 1),
(985, 'C0164', 'Surveying', 'DAPEE010', 1, 4, 0),
(986, 'M1001', 'Fundamentals of Hydraulics', 'DAPEE010', 1, 4, 0),
(987, 'C0069', 'Environmental Science', 'DAPEE010', 1, 4, 0),
(988, 'C0115', 'Occupational Health and Safety', 'DAPEE010', 1, 4, 0),
(989, 'C0020', 'Chemical Engineering Processes', 'DAPEE010', 2, 4, 0),
(990, 'M1002', 'Sanitary Engineering', 'DAPEE010', 2, 4, 0),
(991, 'M1003', 'Basics of Construction Technology', 'DAPEE010', 2, 4, 0),
(992, 'M1004', 'Ecology and Environmental Pollution', 'DAPEE010', 2, 4, 0),
(993, 'Elec1', 'Elective - I', 'DAPEE010', 2, 4, 0),
(994, 'M1005', 'Industrial Water Pollution', 'DAPEE010', 3, 4, 0),
(995, 'C0158', 'Solid Waste Management', 'DAPEE010', 3, 4, 0),
(996, 'M1006', 'Air Pollution and Control', 'DAPEE010', 3, 4, 0),
(997, 'M1007', 'Environmental Legislation and Audit', 'DAPEE010', 3, 4, 0),
(998, 'Elec2', 'Elective - II', 'DAPEE010', 3, 4, 0),
(999, 'Proj6', 'Project/ Training Certificate', 'DAPEE010', 3, 4, 0),
(1000, 'E1001', 'Environmental Project Management', 'DAPEE010', 0, 4, 1),
(1001, 'E1002', 'Physicochemical Treatment of Water and Waste Water', 'DAPEE010', 0, 4, 1),
(1002, 'E1003', 'Cleaner Production Engineering', 'DAPEE010', 0, 4, 1),
(1003, 'C0067', 'Environmental Impact Assessment', 'DAPEE010', 0, 4, 1),
(1004, 'C0068', 'Environmental Monitoring', 'DAPEE010', 0, 4, 1),
(1005, 'C0069', 'Environmental Science', 'GAPEE010', 1, 5, 0),
(1006, 'C0085', 'Indian Constitution', 'GAPEE010', 1, 5, 0),
(1007, 'M1008', 'Environmental Microbiology and Bioremediation', 'GAPEE010', 1, 5, 0),
(1008, 'M1009', 'Environmental Chemistry-I', 'GAPEE010', 1, 5, 0),
(1009, 'M1010', 'Unit Operations and Processes in Chemical Industries', 'GAPEE010', 2, 5, 0),
(1010, 'M1011', 'Basics of Environmental Hydraulics', 'GAPEE010', 2, 5, 0),
(1011, 'M1012', 'Fundamentals of Wastewater Quality', 'GAPEE010', 2, 5, 0),
(1012, 'C0115', 'Occupational Health and Safety', 'GAPEE010', 2, 5, 0),
(1013, 'M1013', 'Municipal & Industrial Solid Waste Management', 'GAPEE010', 3, 5, 0),
(1014, 'M1014', 'Municipal Engineering', 'GAPEE010', 3, 5, 0),
(1015, 'C0062', 'Engineering Mathematics', 'GAPEE010', 3, 5, 0),
(1016, 'C0104', 'Mechanics of Solids', 'GAPEE010', 3, 5, 0),
(1017, 'Elec1', 'Elective - I', 'GAPEE010', 3, 5, 0),
(1018, 'Elec2', 'Elective - II', 'GAPEE010', 3, 5, 0),
(1019, 'C0020', 'Chemical Engineering Processes', 'GAPEE010', 4, 5, 0),
(1020, 'M1015', 'Ecology and Remote Sensing', 'GAPEE010', 4, 5, 0),
(1021, 'M1016', 'Elements of Chemical Engg', 'GAPEE010', 4, 5, 0),
(1022, 'M1017', 'Environmental Resources', 'GAPEE010', 4, 5, 0),
(1023, 'Elec3', 'Elective - III', 'GAPEE010', 4, 5, 0),
(1024, 'Proj6', 'Project/ Training Certificate', 'GAPEE010', 4, 5, 0),
(1025, 'E1004', 'Advanced Environmental Instrumentation', 'GAPEE010', 0, 5, 1),
(1026, 'E1005', 'Physico - Chemical Treatment Technologies', 'GAPEE010', 0, 5, 1),
(1027, 'E1006', 'Fundamentals of Air Pollution', 'GAPEE010', 0, 5, 1),
(1028, 'E1007', 'Cleaner Production and Waste Utilization  ', 'GAPEE010', 0, 5, 1),
(1029, 'E1008', 'Environmental Monitoring and Statistics  ', 'GAPEE010', 0, 5, 1),
(1030, 'E1009', 'Wastewater Engineering', 'GAPEE010', 0, 5, 1),
(1031, 'C0067', 'Environmental Impact Assessment', 'GAPEE010', 0, 5, 1),
(1032, 'E1010', 'Design of Air Pollution Control Equipments', 'GAPEE010', 0, 5, 1),
(1033, 'E1011', 'Preventive Environmental Management  ', 'GAPEE010', 0, 5, 1),
(1034, 'C0066', 'Environment Conservation & Hazard Management', 'GAPEE010', 0, 5, 1),
(1035, 'C0206', 'Environmental Chemistry and Microbiology', 'PGAPEE010', 1, 7, 0),
(1036, 'M1018', 'Water Treatment & Supply Systems', 'PGAPEE010', 1, 7, 0),
(1037, 'M1019', 'Research Process & Methodology', 'PGAPEE010', 1, 7, 0),
(1038, 'M1020', 'Waste Water Treatment', 'PGAPEE010', 1, 7, 0),
(1039, 'M1021', 'Air & Noise Pollution Control', 'PGAPEE010', 1, 7, 0),
(1040, 'Elec1', 'Elective - I', 'PGAPEE010', 1, 8, 0),
(1041, 'Elec2', 'Elective - II', 'PGAPEE010', 1, 8, 0),
(1042, 'Elec3', 'Elective - III', 'PGAPEE010', 1, 8, 0),
(1043, 'M1022', 'Earth and Environment', 'PGAPEE010', 2, 7, 0),
(1044, 'M1023', 'System Analysis and Management', 'PGAPEE010', 2, 7, 0),
(1045, 'M1024', 'Natural Resource Management', 'PGAPEE010', 2, 7, 0),
(1046, 'C0207', 'Environmental Geology', 'PGAPEE010', 2, 7, 0),
(1047, 'M1025', 'Computational Method and Probability Statistics', 'PGAPEE010', 2, 7, 0),
(1048, 'Elec4', 'Elective - IV', 'PGAPEE010', 2, 8, 0),
(1049, 'Elec5', 'Elective - V', 'PGAPEE010', 2, 8, 0),
(1050, 'Proj6', 'Project/ Training Certificate', 'PGAPEE010', 2, 10, 0),
(1051, 'E1012', 'Ground Water Hydrology & Contamination', 'PGAPEE010', 0, 8, 1),
(1052, 'C0088', 'Industrial Hygiene & Safety', 'PGAPEE010', 0, 8, 1),
(1053, 'C0088', 'Industrial hygiene and Safety', 'PGAPEE010', 0, 8, 1),
(1054, 'C0068', 'Environmental Monitoring', 'PGAPEE010', 0, 8, 1),
(1055, 'E1013', 'Solid and Hazardous Waste Management', 'PGAPEE010', 0, 8, 1),
(1056, 'E1014', 'Membrane Technology', 'PGAPEE010', 0, 8, 1),
(1057, 'E1015', 'Climate Change', 'PGAPEE010', 0, 8, 1),
(1058, 'E1016', 'Industrial Wastewater Management', 'PGAPEE010', 0, 8, 1),
(1059, 'E1017', 'Advanced Wastewater Treatment Technologies', 'PGAPEE010', 0, 8, 1),
(1060, 'E1018', 'Environmental Legislations & Management', 'PGAPEE010', 0, 8, 1),
(1061, 'E1019', 'Energy Sources & their Environmental Impact', 'PGAPEE010', 0, 8, 1),
(1062, 'C0054', 'Electronic devices and circuits', 'DAPICE011', 1, 4, 0),
(1063, 'M1101', 'Electrical circuits and machines', 'DAPICE011', 1, 4, 0),
(1064, 'M1102', 'Basics of Instrumentation', 'DAPICE011', 1, 4, 0),
(1065, 'C0006', 'Analog and Digital Electronics', 'DAPICE011', 1, 4, 0),
(1066, 'C0103', 'Measurements and Instruments', 'DAPICE011', 2, 4, 0),
(1067, 'M1103', 'Measurement of Process Variables', 'DAPICE011', 2, 4, 0),
(1068, 'C0089', 'Industrial Instrumentation', 'DAPICE011', 2, 4, 0),
(1069, 'M1104', 'Process Control Instrumentation', 'DAPICE011', 2, 4, 0),
(1070, 'Elec1', 'Elective - I', 'DAPICE011', 2, 4, 0),
(1071, 'C0036', 'Control Engineering', 'DAPICE011', 3, 4, 0),
(1072, 'C0105', 'Microcontroller', 'DAPICE011', 3, 4, 0),
(1073, 'M1105', 'Test Engineering', 'DAPICE011', 3, 4, 0),
(1074, 'M1106', 'Industrial Automation and Drives', 'DAPICE011', 3, 4, 0),
(1075, 'Elec2', 'Elective - II', 'DAPICE011', 3, 4, 0),
(1076, 'Proj6', 'Project/ Training Certificate', 'DAPICE011', 3, 4, 0),
(1077, 'E1101', 'Instrumentation System Design', 'DAPICE011', 0, 4, 1),
(1078, 'C0138', 'Programmable Logic Controller', 'DAPICE011', 0, 4, 1),
(1079, 'E1102', 'Industrial Power Electronics', 'DAPICE011', 0, 4, 1),
(1080, 'E1103', 'Bio Medical Instrumentation', 'DAPICE011', 0, 4, 1),
(1081, 'C0146', 'Robotics', 'DAPICE011', 0, 4, 1),
(1082, 'C0058', 'Embedded systems', 'DAPICE011', 0, 4, 1),
(1083, 'C0061', 'Engineering Graphics & Design', 'GAPICE011', 1, 5, 0),
(1084, 'C0047', 'Digital Electronics', 'GAPICE011', 1, 5, 0),
(1085, 'M1107', 'Dynamics of Linear Systems', 'GAPICE011', 1, 5, 0),
(1086, 'C0102', 'Measurement and Instruments', 'GAPICE011', 1, 5, 0),
(1087, 'M1108', 'Network Analysis', 'GAPICE011', 2, 5, 0),
(1088, 'M1109', 'Analog Signal Processing', 'GAPICE011', 2, 5, 0),
(1089, 'C0037', 'Control Theory', 'GAPICE011', 2, 5, 0),
(1090, 'M1110', 'Principle of Measurement Science', 'GAPICE011', 2, 5, 0),
(1091, 'C0106', 'Microprocessor and Interfacing', 'GAPICE011', 3, 5, 0),
(1092, 'C0062', 'Engineering Mathematics', 'GAPICE011', 3, 5, 0),
(1093, 'C0024', 'Circuits and Networks', 'GAPICE011', 3, 5, 0),
(1094, 'C0051', 'Electrical Machines', 'GAPICE011', 3, 5, 0),
(1095, 'Elec1', 'Elective - I', 'GAPICE011', 3, 5, 0),
(1096, 'Elec2', 'Elective - II', 'GAPICE011', 3, 5, 0),
(1097, 'C0054', 'Electronic Devices and Circuits', 'GAPICE011', 4, 5, 0),
(1098, 'M1111', 'Digital Logic Circuits', 'GAPICE011', 4, 5, 0),
(1099, 'M1112', 'Simulation and Design Tools', 'GAPICE011', 4, 5, 0),
(1100, 'C0102', 'Measurement and Instruments', 'GAPICE011', 4, 5, 0),
(1101, 'Elec3', 'Elective - III', 'GAPICE011', 4, 5, 0),
(1102, 'Proj6', 'Project/ Training Certificate', 'GAPICE011', 4, 5, 0),
(1103, 'E1104', 'Control System Components', 'GAPICE011', 0, 5, 1),
(1104, 'E1105', 'Microcontroller and Interfacing (IC)', 'GAPICE011', 0, 5, 1),
(1105, 'E1106', 'Power Electronics', 'GAPICE011', 0, 5, 1),
(1106, 'E1107', 'Environmental Instrumentation  ', 'GAPICE011', 0, 5, 1),
(1107, 'E1108', 'Bio-Potential Instrumentation  ', 'GAPICE011', 0, 5, 1),
(1108, 'E1109', 'Industrial Drives and Control', 'GAPICE011', 0, 5, 1),
(1109, 'E1110', 'Distributed Control Systems and SCADA', 'GAPICE011', 0, 5, 1),
(1110, 'E1111', 'Embedded System Design  ', 'GAPICE011', 0, 5, 1),
(1111, 'C0084', 'Image Processing  ', 'GAPICE011', 0, 5, 1),
(1112, 'E1112', 'Building Automation  ', 'GAPICE011', 0, 5, 1),
(1113, 'E1113', 'Instrumentation for Agriculture and Food Processing  ', 'GAPICE011', 0, 5, 1),
(1114, 'E1114', 'Automative Instrumentation  ', 'GAPICE011', 0, 5, 1),
(1115, 'E1115', 'Soft Computing in Control  ', 'GAPICE011', 0, 5, 1),
(1116, 'M1113', 'Optimization Techniques for Engineers', 'PGAPICE011', 1, 7, 0),
(1117, 'M1114', 'Embedded system for Instrumentation', 'PGAPICE011', 1, 7, 0),
(1118, 'M1115', 'Intelligent Systems and Control', 'PGAPICE011', 1, 7, 0),
(1119, 'M1116', 'Intelligent Sensors and Instrumentation', 'PGAPICE011', 1, 7, 0),
(1120, 'C0046', 'Digital Control System', 'PGAPICE011', 1, 7, 0),
(1121, 'Elec1', 'Elective - I', 'PGAPICE011', 1, 8, 0),
(1122, 'Elec2', 'Elective - II', 'PGAPICE011', 1, 8, 0),
(1123, 'Elec3', 'Elective - III', 'PGAPICE011', 1, 8, 0),
(1124, 'M1117', 'Advance Industrial Drives and Control', 'PGAPICE011', 2, 7, 0),
(1125, 'M1118', 'Data Structure with Object oriented programming', 'PGAPICE011', 2, 7, 0),
(1126, 'M1119', 'System Dynamics and Modelling', 'PGAPICE011', 2, 7, 0),
(1127, 'M1120', 'Advance VLSI Design', 'PGAPICE011', 2, 7, 0),
(1128, 'M1121', 'Advance Signal Processing & Estimation', 'PGAPICE011', 2, 7, 0),
(1129, 'Elec4', 'Elective - IV', 'PGAPICE011', 2, 8, 0),
(1130, 'Elec5', 'Elective - V', 'PGAPICE011', 2, 8, 0),
(1131, 'Proj6', 'Project/ Training Certificate', 'PGAPICE011', 2, 10, 0),
(1132, 'E1116', 'Data Base Management System', 'PGAPICE011', 0, 8, 1),
(1133, 'C0138', 'Programmable Logic Controller', 'PGAPICE011', 0, 8, 1),
(1134, 'E1117', 'Image processing for Instrumentation', 'PGAPICE011', 0, 8, 1),
(1135, 'E1118', 'Real Time Operating System', 'PGAPICE011', 0, 8, 1),
(1136, 'E1119', 'Virtual Instrumentation', 'PGAPICE011', 0, 8, 1),
(1137, 'E1120', 'Sensor Data Fusion', 'PGAPICE011', 0, 8, 1),
(1138, 'E1121', 'Industrial Data Networks', 'PGAPICE011', 0, 8, 1),
(1139, 'E1122', 'Parallel and Distributed Computing', 'PGAPICE011', 0, 8, 1),
(1140, 'E1123', 'Process control and Optimization', 'PGAPICE011', 0, 8, 1),
(1141, 'E1124', 'Instrument Design Engineering', 'PGAPICE011', 0, 8, 1),
(1142, 'M1201', 'Introduction to Textile Fibres', 'DAPTE012', 1, 4, 0),
(1143, 'M1202', 'Spinning Preparatory', 'DAPTE012', 1, 4, 0),
(1144, 'M1203', 'Weaving Preparatory', 'DAPTE012', 1, 4, 0),
(1145, 'M1204', 'Fibre Testing', 'DAPTE012', 1, 4, 0),
(1146, 'M1205', 'Fabric Manufacturing Technology', 'DAPTE012', 2, 4, 0),
(1147, 'M1206', 'Technology of Bleaching and Dyeing', 'DAPTE012', 2, 4, 0),
(1148, 'M1207', 'Yarn Testing', 'DAPTE012', 2, 4, 0),
(1149, 'M1208', 'Fabric Structure and Design', 'DAPTE012', 2, 4, 0),
(1150, 'Elec1', 'Elective - I', 'DAPTE012', 2, 4, 0),
(1151, 'M1209', 'Yarn Manufacturing Technology', 'DAPTE012', 3, 4, 0),
(1152, 'M1210', 'Knitting Technology', 'DAPTE012', 3, 4, 0),
(1153, 'M1211', 'Fabric Testing', 'DAPTE012', 3, 4, 0),
(1154, 'M1212', 'Technology of Printing and Finishing', 'DAPTE012', 3, 4, 0),
(1155, 'Elec2', 'Elective - II', 'DAPTE012', 3, 4, 0),
(1156, 'Proj6', 'Project/ Training Certificate', 'DAPTE012', 3, 4, 0),
(1157, 'E1201', 'Textile Industry Planning, Costing and Quality Management', 'DAPTE012', 0, 4, 1),
(1158, 'E1202', 'Advanced Yarn Manufacturing', 'DAPTE012', 0, 4, 1),
(1159, 'E1203', 'Advanced Fabric Manufacturing', 'DAPTE012', 0, 4, 1),
(1160, 'E1204', 'Garment Technology', 'DAPTE012', 0, 4, 1),
(1161, 'E1205', 'Textile Machinery Maintenance', 'DAPTE012', 0, 4, 1),
(1162, 'E1206', 'Process Control in Yarn Manufacturing', 'DAPTE012', 0, 4, 1),
(1163, 'E1207', 'Process Control in Fabric Manufacturing', 'DAPTE012', 0, 4, 1),
(1164, 'C0167', 'Technical Textiles', 'DAPTE012', 0, 4, 1),
(1165, 'E1208', 'Advanced Knitting Technology  ', 'DAPTE012', 0, 4, 1),
(1166, 'E1209', 'Technology of Clothing Manufacturing  ', 'DAPTE012', 0, 4, 1),
(1167, 'E1210', 'Man-Made Fibres Technology  ', 'DAPTE012', 0, 4, 1),
(1168, 'E1211', 'Advanced Chemical Processing Technology  ', 'DAPTE012', 0, 4, 1),
(1169, 'C0062', 'Engineering Mathematics', 'GAPTE012', 1, 5, 0),
(1170, 'C0104', 'Mechanics of Solids', 'GAPTE012', 1, 5, 0),
(1171, 'M1213', 'Textile Design and Colour', 'GAPTE012', 1, 5, 0),
(1172, 'C0119', 'Organic Chemistry', 'GAPTE012', 1, 5, 0),
(1173, 'M1214', 'Textile Manufacturing', 'GAPTE012', 2, 5, 0),
(1174, 'M1215', 'Textile Fibers', 'GAPTE012', 2, 5, 0),
(1175, 'M1216', 'Polymer Chemistry', 'GAPTE012', 2, 5, 0),
(1176, 'M1217', 'Scouring and Bleaching', 'GAPTE012', 2, 5, 0),
(1177, 'M1218', 'Chemistry of Intermediates and Dyes', 'GAPTE012', 3, 5, 0),
(1178, 'M1219', 'Process Calculations in Textile Wet Processing', 'GAPTE012', 3, 5, 0),
(1179, 'M1220', 'Technology of Dyeing', 'GAPTE012', 3, 5, 0),
(1180, 'M1221', 'Analytical Textile Chemistry', 'GAPTE012', 3, 5, 0),
(1181, 'Elec1', 'Elective - I', 'GAPTE012', 3, 5, 0),
(1182, 'Elec2', 'Elective - II', 'GAPTE012', 3, 5, 0),
(1183, 'M1222', 'Chemistry and Applications of Textile Auxiliaries', 'GAPTE012', 4, 5, 0),
(1184, 'M1223', 'Processing and Applications of Non-Conventional Fibers', 'GAPTE012', 4, 5, 0),
(1185, 'M1224', 'Technology of Printing', 'GAPTE012', 4, 5, 0),
(1186, 'M1225', 'Technology of Finishing', 'GAPTE012', 4, 5, 0),
(1187, 'Elec3', 'Elective - III', 'GAPTE012', 4, 5, 0),
(1188, 'Proj6', 'Project/ Training Certificate', 'GAPTE012', 4, 5, 0),
(1189, 'E1212', 'Physical Characteristics of Textile Fibre', 'GAPTE012', 0, 5, 1),
(1190, 'E1213', 'Advance Spinning Technology', 'GAPTE012', 0, 5, 1),
(1191, 'E1214', 'Manufacturing and Applications of Polymeric Materials  ', 'GAPTE012', 0, 5, 1),
(1192, 'E1215', 'Modern Weaving Technology', 'GAPTE012', 0, 5, 1),
(1193, 'E1216', 'Modern Spinning Technology', 'GAPTE012', 0, 5, 1),
(1194, 'E1217', 'Texturising Technology', 'GAPTE012', 0, 5, 1),
(1195, 'C0169', 'Theory and Design of Textile Machinery', 'GAPTE012', 0, 5, 1),
(1196, 'C0170', 'Theory of Textile Structure', 'GAPTE012', 0, 5, 1),
(1197, 'E1218', 'Advance Fiber Properties', 'GAPTE012', 0, 5, 1),
(1198, 'E1219', 'Advance Weaving Technology', 'GAPTE012', 0, 5, 1),
(1199, 'E1220', 'High Performance Fibres', 'GAPTE012', 0, 5, 1),
(1200, 'C0171', 'Theory of Yarn Manufacture', 'GAPTE012', 0, 5, 1),
(1201, 'C0170', 'Theory Of Textile Structure', 'GAPTE012', 0, 5, 1),
(1202, 'E1221', 'Advanced Testing and Quality Management in Textiles', 'GAPTE012', 0, 5, 1),
(1203, 'E1222', 'Evaluation of Textile Materials', 'GAPTE012', 0, 5, 1),
(1204, 'C0167', 'Technical Textile', 'GAPTE012', 0, 5, 1),
(1205, 'M1226', 'Statistical Techniques and Design of Experiment', 'PGAPTE012', 1, 7, 0),
(1206, 'M1227', 'Theory of Yarn Structures', 'PGAPTE012', 1, 7, 0),
(1207, 'C0169', 'Theory and Design of Textile Machine', 'PGAPTE012', 1, 7, 0),
(1208, 'M1228', 'Theory of Fabric Structures', 'PGAPTE012', 1, 7, 0),
(1209, 'M1229', 'Theory and Design of Textile Machine II', 'PGAPTE012', 1, 7, 0),
(1210, 'Elec1', 'Elective - I', 'PGAPTE012', 1, 8, 0),
(1211, 'Elec2', 'Elective - II', 'PGAPTE012', 1, 8, 0),
(1212, 'Elec3', 'Elective - III', 'PGAPTE012', 1, 8, 0),
(1213, 'M1230', 'Process & Quality Control in Textile', 'PGAPTE012', 2, 7, 0),
(1214, 'M1231', 'Engineering Applications of Textile', 'PGAPTE012', 2, 7, 0),
(1215, 'C0167', 'Technical Textile', 'PGAPTE012', 2, 7, 0),
(1216, 'M1232', 'Advanced Fiber Properties', 'PGAPTE012', 2, 7, 0),
(1217, 'M1233', 'Advanced Processing: Process & Machinery', 'PGAPTE012', 2, 7, 0),
(1218, 'Elec4', 'Elective - IV', 'PGAPTE012', 2, 8, 0),
(1219, 'Elec5', 'Elective - V', 'PGAPTE012', 2, 8, 0),
(1220, 'Proj6', 'Project/ Training Certificate', 'PGAPTE012', 2, 10, 0),
(1221, 'E1223', 'Textured Yarn Technology', 'PGAPTE012', 0, 8, 1),
(1222, 'E1224', 'Modern Fiber Technology', 'PGAPTE012', 0, 8, 1),
(1223, 'C0171', 'Theory of Yarn Manufacture', 'PGAPTE012', 0, 8, 1),
(1224, 'E1225', 'Nonwovens', 'PGAPTE012', 0, 8, 1),
(1225, 'E1226', 'Advanced Fabric Manufacture', 'PGAPTE012', 0, 8, 1),
(1226, 'E1227', 'Management of Textile Production', 'PGAPTE012', 0, 8, 1),
(1227, 'E1228', 'Advanced Topics in Textile Manufacture', 'PGAPTE012', 0, 8, 1),
(1228, 'E1229', 'Product Design in Textile', 'PGAPTE012', 0, 8, 1),
(1229, 'C0047', 'Digital Electronics', 'DAPME013', 1, 4, 0),
(1230, 'M1301', 'Mechatronics Systems', 'DAPME013', 1, 4, 0),
(1231, 'C0010', 'Applied Mechanics', 'DAPME013', 1, 4, 0),
(1232, 'C0105', 'Microcontroller', 'DAPME013', 1, 4, 0),
(1233, 'C0036', 'Control Engineering', 'DAPME013', 2, 4, 0),
(1234, 'M1302', 'Industrial Electronics', 'DAPME013', 2, 4, 0),
(1235, 'M1303', 'IoT', 'DAPME013', 2, 4, 0),
(1236, 'M1304', 'Pneumatics & Hydraulic Systems', 'DAPME013', 2, 4, 0),
(1237, 'Elec1', 'Elective - I', 'DAPME013', 2, 4, 0),
(1238, 'C0058', 'Embedded Systems', 'DAPME013', 3, 4, 0),
(1239, 'M1305', 'Mechatronics System Design', 'DAPME013', 3, 4, 0),
(1240, 'M1306', 'CNC', 'DAPME013', 3, 4, 0),
(1241, 'M1307', 'Product Design & Development', 'DAPME013', 3, 4, 0),
(1242, 'Elec2', 'Elective - II', 'DAPME013', 3, 4, 0),
(1243, 'Proj6', 'Project/ Training Certificate', 'DAPME013', 3, 4, 0),
(1244, 'E1301', 'Measuring Systems', 'DAPME013', 0, 4, 1),
(1245, 'E1302', 'Fusion 360 Design', 'DAPME013', 0, 4, 1),
(1246, 'E1303', 'C C++', 'DAPME013', 0, 4, 1),
(1247, 'E1304', 'Java', 'DAPME013', 0, 4, 1),
(1248, 'E1305', 'Visual Basics', 'DAPME013', 0, 4, 1),
(1249, 'C0146', 'Robotics', 'DAPME013', 0, 4, 1),
(1250, 'E1306', 'PLC', 'DAPME013', 0, 4, 1),
(1251, 'E1307', 'Master CAM', 'DAPME013', 0, 4, 1),
(1252, 'E1308', 'Automated Production System', 'DAPME013', 0, 4, 1),
(1253, 'E1309', 'Industrial Equipment Maintenance', 'DAPME013', 0, 4, 1),
(1254, 'C0090', 'Industrial Management', 'DAPME013', 0, 4, 1),
(1255, 'C0017', 'Basic Mechanical Engineering', 'GAPME013', 1, 5, 0),
(1256, 'M1308', 'Design Concepts in Basic Electronics', 'GAPME013', 1, 5, 0),
(1257, 'M1309', 'Principles of Materials Science and Metallurgy', 'GAPME013', 1, 5, 0),
(1258, 'C0063', 'Engineering Mechanics', 'GAPME013', 1, 5, 0),
(1259, 'C0037', 'Control Theory', 'GAPME013', 2, 5, 0),
(1260, 'C0064', 'Engineering Thermodynamics', 'GAPME013', 2, 5, 0),
(1261, 'M1310', 'Analysis of Mechanisms', 'GAPME013', 2, 5, 0),
(1262, 'C0062', 'Engineering Mathematics', 'GAPME013', 2, 5, 0),
(1263, 'C0104', 'Mechanics of Solids', 'GAPME013', 3, 5, 0),
(1264, 'M1311', 'Kinematics and Dynamics of Machines', 'GAPME013', 3, 5, 0),
(1265, 'M1312', 'Programming Methodology using CPP', 'GAPME013', 3, 5, 0),
(1266, 'M1313', 'Electro Mechanical Energy Conversion', 'GAPME013', 3, 5, 0),
(1267, 'Elec1', 'Elective - I', 'GAPME013', 3, 5, 0),
(1268, 'Elec2', 'Elective - II', 'GAPME013', 3, 5, 0),
(1269, 'C0075', 'Fluid Mechanics and Machines', 'GAPME013', 4, 5, 0),
(1270, 'C0099', 'Manufacturing Technology', 'GAPME013', 4, 5, 0),
(1271, 'C0087', 'Industrial Engineering  ', 'GAPME013', 4, 5, 0),
(1272, 'M1314', 'Control of Electric Drives', 'GAPME013', 4, 5, 0),
(1273, 'Elec3', 'Elective - III', 'GAPME013', 4, 5, 0),
(1274, 'Proj6', 'Project/ Training Certificate', 'GAPME013', 4, 5, 0),
(1275, 'E1310', 'Hydraulic and Pneumatic Systems', 'GAPME013', 0, 5, 1),
(1276, 'E1311', 'Electro Mechanical Measurements and Instruments', 'GAPME013', 0, 5, 1),
(1277, 'E1312', 'Metrology and Product Engineering  ', 'GAPME013', 0, 5, 1),
(1278, 'E1313', 'Microcontrollers and Embedded Systems', 'GAPME013', 0, 5, 1),
(1279, 'E1314', 'Automated Manufacturing - I', 'GAPME013', 0, 5, 1),
(1280, 'E1315', 'Quality Assurance and Reliability', 'GAPME013', 0, 5, 1),
(1281, 'E1316', 'Design of Mechanisms - II', 'GAPME013', 0, 5, 1),
(1282, 'E1317', 'MEMS and Nanotechnology  ', 'GAPME013', 0, 5, 1),
(1283, 'C0029', 'Computational Method for Mechanical Engineering', 'PGAPME013', 1, 7, 0),
(1284, 'M1315', 'Concepts in Mechatronics Engineering', 'PGAPME013', 1, 7, 0),
(1285, 'M1316', 'Sensor Technology', 'PGAPME013', 1, 7, 0),
(1286, 'M1317', 'Advance Oil Hydraulic and Pneumatic systems', 'PGAPME013', 1, 7, 0),
(1287, 'M1318', 'Advance Microcontrollers and Logic Controllers', 'PGAPME013', 1, 7, 0),
(1288, 'Elec1', 'Elective - I', 'PGAPME013', 1, 8, 0),
(1289, 'Elec2', 'Elective - II', 'PGAPME013', 1, 8, 0),
(1290, 'Elec3', 'Elective - III', 'PGAPME013', 1, 8, 0),
(1291, 'C0090', 'Industrial Management', 'PGAPME013', 2, 7, 0),
(1292, 'M1319', 'Mechatronic Systems', 'PGAPME013', 2, 7, 0),
(1293, 'M1320', 'Signal Conditioning and Data Acquisition System', 'PGAPME013', 2, 7, 0),
(1294, 'C0178', 'Wireless Communications', 'PGAPME013', 2, 7, 0),
(1295, 'M1321', 'Advanced Electrical Drives', 'PGAPME013', 2, 7, 0),
(1296, 'Elec4', 'Elective - IV', 'PGAPME013', 2, 8, 0),
(1297, 'Elec5', 'Elective - V', 'PGAPME013', 2, 8, 0),
(1298, 'Proj6', 'Project/ Training Certificate', 'PGAPME013', 2, 10, 0),
(1299, 'E1318', 'Advance Control Systems', 'PGAPME013', 0, 8, 1),
(1300, 'E1319', 'Fundamentals of Micro Mechatronics Systems', 'PGAPME013', 0, 8, 1),
(1301, 'E1020', 'Diagnostic Maintenance and Monitoring', 'PGAPME013', 0, 8, 1),
(1302, 'C0073', 'Finite Element Methods', 'PGAPME013', 0, 8, 1),
(1303, 'E1321', 'Advance Machine Vision and Applications', 'PGAPME013', 0, 8, 1),
(1304, 'E1322', 'Mechatronics Signal Processing', 'PGAPME013', 0, 8, 1),
(1305, 'C0173', 'Total Quality Management', 'PGAPME013', 0, 8, 1),
(1306, 'E1323', 'Optimization Theory and Practice', 'PGAPME013', 0, 8, 1),
(1307, 'E1324', 'Advanced Microprocessor and Microcontrollers', 'PGAPME013', 0, 8, 1),
(1308, 'C0086', 'Industrial Automation', 'PGAPME013', 0, 8, 1),
(1309, 'E1325', 'Product Design', 'PGAPME013', 0, 8, 1),
(1310, 'E1326', 'Digital Image Processing & Machine Vision', 'PGAPME013', 0, 8, 1),
(1311, 'E1327', 'VLSI Technology', 'PGAPME013', 0, 8, 1),
(1312, 'C0062', 'Engineering Mathematics', 'DAPME014', 1, 4, 0),
(1313, 'M1401', 'Materials Technology', 'DAPME014', 1, 4, 0),
(1314, 'C0059', 'Engineering Drawing', 'DAPME014', 1, 4, 0),
(1315, 'C0063', 'Engineering Mechanics', 'DAPME014', 1, 4, 0),
(1316, 'C0099', 'Manufacturing Technology', 'DAPME014', 2, 4, 0),
(1317, 'M1402', 'Electronics & Electrical Principles', 'DAPME014', 2, 4, 0),
(1318, 'M1403', 'Metrology and Quality Control', 'DAPME014', 2, 4, 0),
(1319, 'M1404', 'Automation Systems', 'DAPME014', 2, 4, 0),
(1320, 'Elec1', 'Elective - I', 'DAPME014', 2, 4, 0),
(1321, 'M1405', 'Manufacturing Information Systems', 'DAPME014', 3, 4, 0),
(1322, 'M1406', 'Thermofluids', 'DAPME014', 3, 4, 0),
(1323, 'M1407', 'Mechanical & Fixture Design', 'DAPME014', 3, 4, 0),
(1324, 'M1408', 'Microfabrication & Nanotechnology', 'DAPME014', 3, 4, 0),
(1325, 'Elec2', 'Elective - II', 'DAPME014', 3, 4, 0),
(1326, 'Proj6', 'Project/ Training Certificate', 'DAPME014', 3, 4, 0),
(1327, 'E1401', '3D Mould Design & Plastic Processes', 'DAPME014', 0, 4, 1),
(1328, 'E1402', 'Shopfloor Monitoring & Control', 'DAPME014', 0, 4, 1),
(1329, 'E1403', 'Advanced Metrology & TQM', 'DAPME014', 0, 4, 1),
(1330, 'E1404', 'Integrated CAM & CNC Technology', 'DAPME014', 0, 4, 1),
(1331, 'E1405', 'Product Innovation & Rapid Prototyping', 'DAPME014', 0, 4, 1),
(1332, 'E1406', 'Glass Technology', 'DAPME014', 0, 4, 1),
(1333, 'E1407', 'Material Science of Non-Ferrous', 'DAPME014', 0, 4, 1),
(1334, 'E1408', 'Ceramic Technology', 'DAPME014', 0, 4, 1),
(1335, 'E1409', 'Metal Forming, Process & Plant Eng.', 'DAPME014', 0, 4, 1),
(1336, 'E1410', 'Process Technology of Metals', 'DAPME014', 0, 4, 1),
(1337, 'E1411', 'Inorganic Building Materials', 'DAPME014', 0, 4, 1),
(1338, 'C0017', 'Basic Mechanical Engineering', 'GAPME014', 1, 5, 0),
(1339, 'C0063', 'Engineering Mechanics', 'GAPME014', 1, 5, 0),
(1340, 'C0108', 'Mineral Processing', 'GAPME014', 1, 5, 0),
(1341, 'M1409', 'Materials Thermodynamics', 'GAPME014', 1, 5, 0),
(1342, 'M1410', 'Introduction to Materials Engineering', 'GAPME014', 2, 5, 0),
(1343, 'M1411', 'Mechanical Properties of Materials', 'GAPME014', 2, 5, 0),
(1344, 'M1412', 'Physical Metallurgy', 'GAPME014', 2, 5, 0),
(1345, 'M1413', 'Introduction to Transport Phenomena', 'GAPME014', 2, 5, 0),
(1346, 'M1414', 'Phase Transformations', 'GAPME014', 3, 5, 0),
(1347, 'C0062', 'Engineering Mathematics', 'GAPME014', 3, 5, 0),
(1348, 'C0104', 'Mechanics of Solids', 'GAPME014', 3, 5, 0),
(1349, 'M1415', 'Elements of Metallurgy', 'GAPME014', 3, 5, 0),
(1350, 'Elec1', 'Elective - I', 'GAPME014', 3, 5, 0),
(1351, 'Elec2', 'Elective - II', 'GAPME014', 3, 5, 0),
(1352, 'M1416', 'Metallurgical Thermodynamics', 'GAPME014', 4, 5, 0),
(1353, 'C0108', 'Mineral Processing', 'GAPME014', 4, 5, 0),
(1354, 'M1417', 'Testing of Metals and Alloys', 'GAPME014', 4, 5, 0),
(1355, 'M1418', 'Machine Design and Industrial Drafting', 'GAPME014', 4, 5, 0),
(1356, 'Elec3', 'Elective - III', 'GAPME014', 4, 5, 0),
(1357, 'Proj6', 'Project/ Training Certificate', 'GAPME014', 4, 5, 0),
(1358, 'E1412', 'Plastic Deformation of Metals', 'GAPME014', 0, 5, 1),
(1359, 'E1413', 'Iron Making', 'GAPME014', 0, 5, 1),
(1360, 'E1414', 'Fuels, Furnaces, Refractories and Pyrometry', 'GAPME014', 0, 5, 1),
(1361, 'E1415', 'Extraction of Non Ferrous Metals', 'GAPME014', 0, 5, 1),
(1362, 'E1416', 'Steel Making', 'GAPME014', 0, 5, 1),
(1363, 'E1417', 'Advanced Materials', 'GAPME014', 0, 5, 1),
(1364, 'E1418', 'Powder Metallurgy', 'GAPME014', 0, 5, 1),
(1365, 'E1419', 'Foundry Technology', 'GAPME014', 0, 5, 1),
(1366, 'E1420', 'Material Degradation and Prevention', 'GAPME014', 0, 5, 1),
(1367, 'E1421', 'Metal Joining Processes', 'GAPME014', 0, 5, 1),
(1368, 'E1422', 'Surface Coating Technology  ', 'GAPME014', 0, 5, 1),
(1369, 'E1423', 'Metal Working Processes', 'GAPME014', 0, 5, 1),
(1370, 'E1424', 'Materials Characterization', 'GAPME014', 0, 5, 1),
(1371, 'E1425', 'Advances in Welding Metallurgy  ', 'GAPME014', 0, 5, 1),
(1372, 'E1426', 'Material Selection and Failure Analysis', 'GAPME014', 0, 5, 1),
(1373, 'E1427', 'Advanced Non Ferrous Extractive Metallurgy  ', 'GAPME014', 0, 5, 1),
(1374, 'E1428', 'Ceramic and Polymer Materials  ', 'GAPME014', 0, 5, 1),
(1375, 'E1429', 'Computational Metallurgy  ', 'GAPME014', 0, 5, 1),
(1376, 'E1430', 'Thin Film and Nano-Technology  ', 'GAPME014', 0, 5, 1),
(1377, 'E1431', 'Alloy Design  ', 'GAPME014', 0, 5, 1),
(1378, 'M1419', 'Numerical methods for Metallurgists', 'PGAPME014', 1, 7, 0),
(1379, 'M1420', 'Thermodynamics & Kinetics', 'PGAPME014', 1, 7, 0),
(1380, 'M1421', 'Mechanical Behaviour of Materials', 'PGAPME014', 1, 7, 0),
(1381, 'M1422', 'Advanced engineering materials', 'PGAPME014', 1, 7, 0),
(1382, 'M1423', 'Introduction to Multi-Scale Modeling of Materials', 'PGAPME014', 1, 7, 0),
(1383, 'Elec1', 'Elective - I', 'PGAPME014', 1, 8, 0),
(1384, 'Elec2', 'Elective - II', 'PGAPME014', 1, 8, 0),
(1385, 'Elec3', 'Elective - III', 'PGAPME014', 1, 8, 0),
(1386, 'M1424', 'Modern Techniques of Material Characterisation', 'PGAPME014', 2, 7, 0),
(1387, 'M1425', 'Advanced Phase Transformations', 'PGAPME014', 2, 7, 0),
(1388, 'M1426', 'Deformation and Failure of Materials at Elevated Temperatures', 'PGAPME014', 2, 7, 0),
(1389, 'M1427', 'Iron and Steel Making Technology', 'PGAPME014', 2, 7, 0),
(1390, 'M1428', 'Physical Metallurgy of Ferrous Alloys', 'PGAPME014', 2, 7, 0),
(1391, 'Elec4', 'Elective - IV', 'PGAPME014', 2, 8, 0),
(1392, 'Elec5', 'Elective - V', 'PGAPME014', 2, 8, 0),
(1393, 'Proj6', 'Project/ Training Certificate', 'PGAPME014', 2, 10, 0),
(1394, 'E1332', 'Composite materials', 'PGAPME014', 0, 8, 1),
(1395, 'E1433', 'Modelling of Transport Phenomena in Multi-Phase Systems', 'PGAPME014', 0, 8, 1),
(1396, 'E1434', 'Welding Processes', 'PGAPME014', 0, 8, 1),
(1397, 'E1332', 'Textures in Materials', 'PGAPME014', 0, 8, 1),
(1398, 'E1433', 'Electronic materials, devices, and fabrication', 'PGAPME014', 0, 8, 1),
(1399, 'E1434', 'Thin and thick film metallization in electronics', 'PGAPME014', 0, 8, 1),
(1400, 'E1332', 'Special Topics in Iron and Steel Technology', 'PGAPME014', 0, 8, 1),
(1401, 'E1433', 'Materials in renewable energy technologies', 'PGAPME014', 0, 8, 1),
(1402, 'E1434', 'Defects in materials', 'PGAPME014', 0, 8, 1),
(1403, 'E1332', 'Medical Materials', 'PGAPME014', 0, 8, 1),
(1404, 'E1433', 'Heat Treatment Technology', 'PGAPME014', 0, 8, 1),
(1405, 'E1434', 'Materials for Extreme Environment', 'PGAPME014', 0, 8, 1),
(1406, 'E1332', 'Metallurgical Failure Analysis', 'PGAPME014', 0, 8, 1),
(1407, 'E1433', 'Non Destructive Evaluation', 'PGAPME014', 0, 8, 1),
(1408, 'E1434', 'Non Destructive Testing Lab', 'PGAPME014', 0, 8, 1),
(1409, 'E1332', 'X-ray Diffraction Techniques', 'PGAPME014', 0, 8, 1),
(1410, 'E1433', 'Electron Diffraction and Microscopy', 'PGAPME014', 0, 8, 1),
(1411, 'E1434', 'Additive Manufacturing', 'PGAPME014', 0, 8, 1),
(1412, 'E1332', 'Practical Transmission Electron Microscopy', 'PGAPME014', 0, 8, 1),
(1413, 'E1433', 'Stability of Microstructures', 'PGAPME014', 0, 8, 1),
(1414, 'E1434', 'Corrosion Engineering', 'PGAPME014', 0, 8, 1),
(1415, 'E1332', 'Surface Degradation Processes', 'PGAPME014', 0, 8, 1),
(1416, 'E1433', 'Surface Engineering', 'PGAPME014', 0, 8, 1),
(1417, 'E1434', 'Transport Phenomena in Metallurgical Processes', 'PGAPME014', 0, 8, 1),
(1418, 'E1332', 'Ceramic Science & Technology', 'PGAPME014', 0, 8, 1),
(1419, 'E1433', 'Advanced Ceramics', 'PGAPME014', 0, 8, 1),
(1420, 'E1434', 'Advanced Powder Processing', 'PGAPME014', 0, 8, 1),
(1421, 'E1332', 'Physical Ceramics', 'PGAPME014', 0, 8, 1),
(1422, 'E1433', 'Solidification Phenomena', 'PGAPME014', 0, 8, 1),
(1423, 'E1434', 'Metal Forming Processes', 'PGAPME014', 0, 8, 1),
(1424, 'E1332', 'Plasticity & Plastic Deformation', 'PGAPME014', 0, 8, 1),
(1425, 'E1433', 'Sheet Metal Forming', 'PGAPME014', 0, 8, 1),
(1426, 'E1434', 'Press Tools for Metal Forming', 'PGAPME014', 0, 8, 1),
(1427, 'E1332', 'Metal Forming Laboratory', 'PGAPME014', 0, 8, 1),
(1428, 'E1433', 'Smart Materials', 'PGAPME014', 0, 8, 1),
(1429, 'E1434', 'Topics in Nanomaterials', 'PGAPME014', 0, 8, 1),
(1430, 'E1332', 'Welding Metallurgy', 'PGAPME014', 0, 8, 1),
(1431, 'E1433', 'Welding Application Technology', 'PGAPME014', 0, 8, 1),
(1432, 'E1434', 'Advanced Topics in Joining of Materials', 'PGAPME014', 0, 8, 1),
(1433, 'E1332', 'Materials joining laboratory', 'PGAPME014', 0, 8, 1),
(1434, 'E1433', 'Computational Materials Thermodynamics', 'PGAPME014', 0, 8, 1),
(1435, 'E1434', 'Brittle Fracture and Indentation Mechanics', 'PGAPME014', 0, 8, 1),
(1436, 'E1332', 'Advanced Transmission Electron Microscopy', 'PGAPME014', 0, 8, 1),
(1437, 'E1433', 'Structure and properties of grain boundaries and interfaces', 'PGAPME014', 0, 8, 1),
(1438, 'M1501', 'Computer Aided Drafting (CAD)', 'DAPME015', 1, 4, 0),
(1439, 'M1502', 'Mine Safety', 'DAPME015', 1, 4, 0),
(1440, 'M1503', 'Computer Applications in Mining', 'DAPME015', 1, 4, 0),
(1441, 'C0164', 'Surveying', 'DAPME015', 1, 4, 0),
(1442, 'M1504', 'Terrain Evaluation', 'DAPME015', 2, 4, 0),
(1443, 'C0010', 'Applied Mechanics', 'DAPME015', 2, 4, 0),
(1444, 'M1505', 'Introduction to Mineralogy and Ore Deposits', 'DAPME015', 2, 4, 0),
(1445, 'M1506', 'Mining Concepts', 'DAPME015', 2, 4, 0),
(1446, 'Elec1', 'Elective - I', 'DAPME015', 2, 4, 0),
(1447, 'M1507', 'Introduction to Rock Mechanics and Ground Control', 'DAPME015', 3, 4, 0),
(1448, 'M1508', 'Ore Transportation and Processing', 'DAPME015', 3, 4, 0),
(1449, 'M1509', 'Soils and Concrete', 'DAPME015', 3, 4, 0),
(1450, 'C0075', 'Fluid Mechanics', 'DAPME015', 3, 4, 0),
(1451, 'Elec2', 'Elective - II', 'DAPME015', 3, 4, 0),
(1452, 'Proj6', 'Project/ Training Certificate', 'DAPME015', 3, 4, 0),
(1453, 'E1501', 'Mining Methods', 'DAPME015', 0, 4, 1),
(1454, 'E1502', 'Mining Hydrology and Environmental Management', 'DAPME015', 0, 4, 1),
(1455, 'E1503', 'Blasting', 'DAPME015', 0, 4, 1),
(1456, 'C0107', 'Mine Ventilation', 'DAPME015', 0, 4, 1),
(1457, 'E1504', 'Basic Electricity', 'DAPME015', 0, 4, 1),
(1458, 'E1505', 'Geophysical Data Collection and Analysis', 'DAPME015', 0, 4, 1),
(1459, 'E1506', 'Ground Control Design', 'DAPME015', 0, 4, 1),
(1460, 'E1507', 'Mine Design and Planning', 'DAPME015', 0, 4, 1),
(1461, 'E1508', '3D Drafting and Underground Software', 'DAPME015', 0, 4, 1),
(1462, 'E1509', 'Mine Ventilation Planning and Design', 'DAPME015', 0, 4, 1),
(1463, 'E1510', 'Underground Surveying', 'DAPME015', 0, 4, 1),
(1464, 'E1511', 'Applied Research in Technology', 'DAPME015', 0, 4, 1),
(1465, 'C0015', 'Basic Civil Engineering', 'GAPME015', 1, 5, 0),
(1466, 'C0017', 'Basic Mechanical Engineering', 'GAPME015', 1, 5, 0),
(1467, 'C0104', 'Mechanics of Solids', 'GAPME015', 1, 5, 0),
(1468, 'M1510', 'Introduction to Mining', 'GAPME015', 1, 5, 0),
(1469, 'C0079', 'Geology', 'GAPME015', 2, 5, 0),
(1470, 'M1511', 'Mining Machinery', 'GAPME015', 2, 5, 0),
(1471, 'M1512', 'Mine Surveying - I', 'GAPME015', 2, 5, 0),
(1472, 'M1513', 'Mining Geology', 'GAPME015', 2, 5, 0),
(1473, 'C0148', 'Rock Mechanics', 'GAPME015', 3, 5, 0),
(1474, 'C0062', 'Engineering Mathematics', 'GAPME015', 3, 5, 0),
(1475, 'M1514', 'Fundamentals of Fluid Mechanics', 'GAPME015', 3, 5, 0),
(1476, 'C0164', 'Surveying', 'GAPME015', 3, 5, 0),
(1477, 'Elec1', 'Elective - I', 'GAPME015', 3, 5, 0),
(1478, 'Elec2', 'Elective - II', 'GAPME015', 3, 5, 0),
(1479, 'M1515', 'Surface Mine Production', 'GAPME015', 4, 5, 0),
(1480, 'M1516', 'Underground Coal Mining', 'GAPME015', 4, 5, 0),
(1481, 'M1517', 'Mine Hazards', 'GAPME015', 4, 5, 0),
(1482, 'M1518', 'Mine Surface Environment', 'GAPME015', 4, 5, 0),
(1483, 'Elec3', 'Elective - III', 'GAPME015', 4, 5, 0),
(1484, 'Proj6', 'Project/ Training Certificate', 'GAPME015', 4, 5, 0),
(1485, 'C0085', 'Indian Constitution', 'GAPME015', 0, 5, 1),
(1486, 'C0107', 'Mine Ventilation', 'GAPME015', 0, 5, 1),
(1487, 'E1512', 'Minine Electrical Engineering  ', 'GAPME015', 0, 5, 1),
(1488, 'E1513', 'Mine Planning', 'GAPME015', 0, 5, 1),
(1489, 'E1514', 'Mine Legislation', 'GAPME015', 0, 5, 1),
(1490, 'C0108', 'Mineral Processing', 'GAPME015', 0, 5, 1),
(1491, 'E1515', 'Rock Slope Engineering  ', 'GAPME015', 0, 5, 1),
(1492, 'E1516', 'Rock Fragmentation  ', 'GAPME015', 0, 5, 1),
(1493, 'E1517', 'Mining and Processing of Dimensional Stone', 'GAPME015', 0, 5, 1),
(1494, 'E1518', 'Mine Safety Engineering', 'GAPME015', 0, 5, 1),
(1495, 'M1519', 'Mineral Exploration and Geostatistics', 'PGAPME015', 1, 7, 0),
(1496, 'M1520', 'Computer Aided Mine Planning & Design', 'PGAPME015', 1, 7, 0),
(1497, 'M1521', 'Advanced Mine Safety Engineering', 'PGAPME015', 1, 7, 0),
(1498, 'C0079', 'Geology', 'PGAPME015', 1, 7, 0),
(1499, 'M1522', 'Drilling and Blasting', 'PGAPME015', 1, 7, 0),
(1500, 'Elec1', 'Elective - I', 'PGAPME015', 1, 8, 0),
(1501, 'Elec2', 'Elective - II', 'PGAPME015', 1, 8, 0),
(1502, 'Elec3', 'Elective - III', 'PGAPME015', 1, 8, 0),
(1503, 'M1523', 'Design of Mine Layout', 'PGAPME015', 2, 7, 0),
(1504, 'M1524', 'Underground Coal Mining', 'PGAPME015', 2, 7, 0),
(1505, 'M1525', 'Underground Mine Environment', 'PGAPME015', 2, 7, 0),
(1506, 'M1526', 'Surface Mining', 'PGAPME015', 2, 7, 0),
(1507, 'M1527', 'Mining Machinery', 'PGAPME015', 2, 7, 0),
(1508, 'Elec4', 'Elective - IV', 'PGAPME015', 2, 8, 0),
(1509, 'Elec5', 'Elective - V', 'PGAPME015', 2, 8, 0),
(1510, 'Proj6', 'Project/ Training Certificate', 'PGAPME015', 2, 10, 0),
(1511, 'E1519', 'Planning and Design of Surface Mines', 'PGAPME015', 0, 8, 1),
(1512, 'E1520', 'Analysis and Design of Slopes in Surface Mines', 'PGAPME015', 0, 8, 1),
(1513, 'E1521', 'Environmental Aspects of Mining', 'PGAPME015', 0, 8, 1),
(1514, 'E1522', 'Design of Underground Structures in Rocks', 'PGAPME015', 0, 8, 1);
INSERT INTO `heysushil_course_related_subjects` (`id`, `subject_code`, `subject_name`, `course_code`, `subject_semester`, `subject_grade`, `subject_type`) VALUES
(1515, 'E1523', 'Underground Mine Ventilation and Environmental Engg', 'PGAPME015', 0, 8, 1),
(1516, 'E1524', 'Planning and Design of Underground Methods of Exploitation for Coal & Metalliferous Deposits', 'PGAPME015', 0, 8, 1),
(1517, 'E1525', 'Blasting Technology in Rock Excavation', 'PGAPME015', 0, 8, 1),
(1518, 'E1526', 'Tunnel Engineering', 'PGAPME015', 0, 8, 1),
(1519, 'E1527', 'Rock Excavation Technology and Equipment', 'PGAPME015', 0, 8, 1),
(1520, 'M1601', 'Hydraulics and Pneumatic Systems', 'DAPPT016', 1, 4, 0),
(1521, 'M1602', 'Metrology and Measuring Instruments', 'DAPPT016', 1, 4, 0),
(1522, 'M1603', 'Plastic Process Techniques I', 'DAPPT016', 1, 4, 0),
(1523, 'M1604', 'Design of Dies & Moulds', 'DAPPT016', 1, 4, 0),
(1524, 'M1605', 'Materials & Metallurgy', 'DAPPT016', 2, 4, 0),
(1525, 'C0129', 'Plastics Materials', 'DAPPT016', 2, 4, 0),
(1526, 'M1606', 'Basics of Information Technology', 'DAPPT016', 2, 4, 0),
(1527, 'M1607', 'Electrical Technology & Electronics', 'DAPPT016', 2, 4, 0),
(1528, 'Elec1', 'Elective - I', 'DAPPT016', 2, 4, 0),
(1529, 'M1608', 'Environmental & Pollution in Plastic Industries', 'DAPPT016', 3, 4, 0),
(1530, 'C0090', 'Industrial Management', 'DAPPT016', 3, 4, 0),
(1531, 'C0065', 'Entrepreneurship Development', 'DAPPT016', 3, 4, 0),
(1532, 'M1609', 'Plastic Testing & Quality Control', 'DAPPT016', 3, 4, 0),
(1533, 'Elec2', 'Elective - II', 'DAPPT016', 3, 4, 0),
(1534, 'Proj6', 'Project/ Training Certificate', 'DAPPT016', 3, 4, 0),
(1535, 'C0130', 'Plastics Recycling and Waste Treatment', 'DAPPT016', 0, 4, 1),
(1536, 'C0023', 'Chemistry of Plastic Materials', 'DAPPT016', 0, 4, 1),
(1537, 'C0125', 'Plastic Extrusion Technology', 'DAPPT016', 0, 4, 1),
(1538, 'C0127', 'Plastic Process Instrumentation and Process Control', 'DAPPT016', 0, 4, 1),
(1539, 'C0132', 'Polymer Reaction Engineering and Rheology', 'DAPPT016', 0, 4, 1),
(1540, 'C0126', 'Plastic Packaging Technology  ', 'DAPPT016', 0, 4, 1),
(1541, 'C0018', 'Biopolymers  ', 'DAPPT016', 0, 4, 1),
(1542, 'C0002', 'Adhesive and sealants', 'DAPPT016', 0, 4, 1),
(1543, 'C0077', 'FRP Technology and composites', 'DAPPT016', 0, 4, 1),
(1544, 'C0128', 'Plastic Structure property relationship', 'DAPPT016', 0, 4, 1),
(1545, 'C0131', 'Polymer Alloys and Blends', 'DAPPT016', 0, 4, 1),
(1546, 'C0112', 'Nano Polymer Technology  ', 'DAPPT016', 0, 4, 1),
(1547, 'C0111', 'Mold Manufacturing Technology  ', 'DAPPT016', 0, 4, 1),
(1548, 'M1610', 'Plastics Material Science', 'GAPPT016', 1, 5, 0),
(1549, 'M1611', 'Thermoset Plastics: Materials and Processing Techniques', 'GAPPT016', 1, 5, 0),
(1550, 'M1612', 'Hydraulics & Pneumatics in Plastic Industry', 'GAPPT016', 1, 5, 0),
(1551, 'M1613', 'Applied mathematics in Plastic Industry', 'GAPPT016', 1, 5, 0),
(1552, 'M1614', 'Industrial Management in Plastic Industries', 'GAPPT016', 2, 5, 0),
(1553, 'M1615', 'Fundamentals of Mold & Die Design', 'GAPPT016', 2, 5, 0),
(1554, 'M1616', 'Thermoplastic Materials', 'GAPPT016', 2, 5, 0),
(1555, 'C0091', 'Injection Molding Technology', 'GAPPT016', 2, 5, 0),
(1556, 'M1617', 'Plastics Testing-1', 'GAPPT016', 3, 5, 0),
(1557, 'C0104', 'Mechanics of Solids', 'GAPPT016', 3, 5, 0),
(1558, 'M1618', 'Introduction to Plastics Material Science', 'GAPPT016', 3, 5, 0),
(1559, 'M1619', 'Manufacturing of Plastic Materials - 1', 'GAPPT016', 3, 5, 0),
(1560, 'Elec1', 'Elective - I', 'GAPPT016', 3, 5, 0),
(1561, 'Elec2', 'Elective - II', 'GAPPT016', 3, 5, 0),
(1562, 'M1620', 'Basic of Plastic Material Testing', 'GAPPT016', 4, 5, 0),
(1563, 'M1621', 'Advanced Engineering Chemistry (PAI)', 'GAPPT016', 4, 5, 0),
(1564, 'M1622', 'Basic Plastics Processing and Thermal Engineering', 'GAPPT016', 4, 5, 0),
(1565, 'C0091', 'Injection Molding Technology', 'GAPPT016', 4, 5, 0),
(1566, 'Elec3', 'Elective - III', 'GAPPT016', 4, 5, 0),
(1567, 'Proj6', 'Project/ Training Certificate', 'GAPPT016', 4, 5, 0),
(1568, 'C0130', 'Plastics Recycling and Waste Treatment', 'GAPPT016', 0, 5, 1),
(1569, 'C0023', 'Chemistry of Plastic Materials', 'GAPPT016', 0, 5, 1),
(1570, 'C0125', 'Plastic Extrusion Technology', 'GAPPT016', 0, 5, 1),
(1571, 'C0127', 'Plastic Process Instrumentation and Process Control', 'GAPPT016', 0, 5, 1),
(1572, 'C0132', 'Polymer Reaction Engineering and Rheology', 'GAPPT016', 0, 5, 1),
(1573, 'C0126', 'Plastic Packaging Technology  ', 'GAPPT016', 0, 5, 1),
(1574, 'C0018', 'Biopolymers  ', 'GAPPT016', 0, 5, 1),
(1575, 'C0002', 'Adhesive and sealants', 'GAPPT016', 0, 5, 1),
(1576, 'C0077', 'FRP Technology and composites', 'GAPPT016', 0, 5, 1),
(1577, 'C0128', 'Plastic Structure property relationship', 'GAPPT016', 0, 5, 1),
(1578, 'C0131', 'Polymer Alloys and Blends', 'GAPPT016', 0, 5, 1),
(1579, 'C0112', 'Nano Polymer Technology  ', 'GAPPT016', 0, 5, 1),
(1580, 'C0111', 'Mold Manufacturing Technology  ', 'GAPPT016', 0, 5, 1),
(1581, 'M1623', 'Plastics Mould&Product design simulations', 'PGAPPT016', 1, 7, 0),
(1582, 'C0129', 'Plastics Materials', 'PGAPPT016', 1, 7, 0),
(1583, 'M1624', 'Plastics Processing Technology', 'PGAPPT016', 1, 7, 0),
(1584, 'M1625', 'Composite Material technology', 'PGAPPT016', 1, 7, 0),
(1585, 'M1626', 'Additives and Compounding', 'PGAPPT016', 1, 7, 0),
(1586, 'Elec1', 'Elective - I', 'PGAPPT016', 1, 8, 0),
(1587, 'Elec2', 'Elective - II', 'PGAPPT016', 1, 8, 0),
(1588, 'Elec3', 'Elective - III', 'PGAPPT016', 1, 8, 0),
(1589, 'M1627', 'Biodegradable Plastics', 'PGAPPT016', 2, 7, 0),
(1590, 'M1628', 'Polymer Blends and alloys', 'PGAPPT016', 2, 7, 0),
(1591, 'M1629', 'Plastics Packaging Technology', 'PGAPPT016', 2, 7, 0),
(1592, 'C0018', 'Biopolymers', 'PGAPPT016', 2, 7, 0),
(1593, 'M1630', 'Safety, pollution control and waste management in polymer industries', 'PGAPPT016', 2, 7, 0),
(1594, 'Elec4', 'Elective - IV', 'PGAPPT016', 2, 8, 0),
(1595, 'Elec5', 'Elective - V', 'PGAPPT016', 2, 8, 0),
(1596, 'Proj6', 'Project/ Training Certificate', 'PGAPPT016', 2, 10, 0),
(1597, 'E1601', 'Adhesive and coating', 'PGAPPT016', 0, 8, 1),
(1598, 'E1602', 'Thermoplastic Elastomers', 'PGAPPT016', 0, 8, 1),
(1599, 'E1603', 'Plastics Mould manufacturing Technology', 'PGAPPT016', 0, 8, 1),
(1600, 'E1604', 'Plastics Testing Technology', 'PGAPPT016', 0, 8, 1),
(1601, 'E1605', 'Advanced Plastics Processing', 'PGAPPT016', 0, 8, 1),
(1602, 'E1606', 'Plastics Characterization Techniques', 'PGAPPT016', 0, 8, 1),
(1603, 'E1607', 'Advanced Mould Manufacturing', 'PGAPPT016', 0, 8, 1),
(1604, 'C0022', 'Chemical Process Calculations', 'DAPPE017', 1, 4, 0),
(1605, 'C0101', 'Materials Science & Engineering', 'DAPPE017', 1, 4, 0),
(1606, 'C0121', 'Petroleum Geology', 'DAPPE017', 1, 4, 0),
(1607, 'C0120', 'Petroleum Exploration', 'DAPPE017', 1, 4, 0),
(1608, 'C0048', 'Drilling Technology', 'DAPPE017', 2, 4, 0),
(1609, 'C0123', 'Petroleum Reservoir Engineering', 'DAPPE017', 2, 4, 0),
(1610, 'C0122', 'Petroleum Production Engineering', 'DAPPE017', 2, 4, 0),
(1611, 'M1701', 'Petroleum Refinery & Petrochemical Engineering', 'DAPPE017', 2, 4, 0),
(1612, 'Elec1', 'Elective - I', 'DAPPE017', 2, 4, 0),
(1613, 'C0163', 'Surface Production Operations', 'DAPPE017', 3, 4, 0),
(1614, 'C0116', 'Oil & Gas Processing Plant Design', 'DAPPE017', 3, 4, 0),
(1615, 'C0070', 'EOR Techniques', 'DAPPE017', 3, 4, 0),
(1616, 'C0082', 'HSE & FE in Petroleum Industry', 'DAPPE017', 3, 4, 0),
(1617, 'Elec2', 'Elective - II', 'DAPPE017', 3, 4, 0),
(1618, 'Proj6', 'Project/ Training Certificate', 'DAPPE017', 3, 4, 0),
(1619, 'C0152', 'Shale Gas Reservoir Engineering', 'DAPPE017', 0, 4, 1),
(1620, 'C0162', 'Subsea Engineering', 'DAPPE017', 0, 4, 1),
(1621, 'C0144', 'Reservoir Modelling & Simulation', 'DAPPE017', 0, 4, 1),
(1622, 'E1701', 'Natural Gas Hydrates', 'DAPPE017', 0, 4, 1),
(1623, 'C0124', 'Pipeline Engineering', 'DAPPE017', 0, 4, 1),
(1624, 'E1702', 'Horizontal Well Technology', 'DAPPE017', 0, 4, 1),
(1625, 'C0027', 'Coal Bed Methane Engineering', 'DAPPE017', 0, 4, 1),
(1626, 'E1702', 'Offshore Engineering', 'DAPPE017', 0, 4, 1),
(1627, 'C0145', 'Reservoir Simulation', 'DAPPE017', 0, 4, 1),
(1628, 'M1702', 'Surveying & Offshore Structures', 'GAPPE017', 1, 5, 0),
(1629, 'C0022', 'Chemical Process Calculations', 'GAPPE017', 1, 5, 0),
(1630, 'C0101', 'Materials Science & Engineering', 'GAPPE017', 1, 5, 0),
(1631, 'M1703', 'Momentum Transfer', 'GAPPE017', 1, 5, 0),
(1632, 'C0121', 'Petroleum Geology', 'GAPPE017', 2, 5, 0),
(1633, 'M1704', 'Thermodynamics for Petroleum Engineers', 'GAPPE017', 2, 5, 0),
(1634, 'C0137', 'Process Heat Transfer', 'GAPPE017', 2, 5, 0),
(1635, 'C0120', 'Petroleum Exploration', 'GAPPE017', 2, 5, 0),
(1636, 'M1705', 'Process Dynamics & Control', 'GAPPE017', 3, 5, 0),
(1637, 'M1705', 'Well Logging & Formation Evaluation', 'GAPPE017', 3, 5, 0),
(1638, 'C0048', 'Drilling Technology', 'GAPPE017', 3, 5, 0),
(1639, 'M1706', 'Well Completions, Testing & Servicing', 'GAPPE017', 3, 5, 0),
(1640, 'Elec1', 'Elective - I', 'GAPPE017', 3, 5, 0),
(1641, 'Elec2', 'Elective - II', 'GAPPE017', 3, 5, 0),
(1642, 'C0122', 'Petroleum Production Engineering', 'GAPPE017', 4, 5, 0),
(1643, 'C0123', 'Petroleum Reservoir Engineering', 'GAPPE017', 4, 5, 0),
(1644, 'C0116', 'Oil & Gas Processing Plant Design', 'GAPPE017', 4, 5, 0),
(1645, 'M1707', 'Fundamentals of Liquefied Natural Gas', 'GAPPE017', 4, 5, 0),
(1646, 'Elec3', 'Elective - III', 'GAPPE017', 4, 5, 0),
(1647, 'Proj6', 'Project/ Training Certificate', 'GAPPE017', 4, 5, 0),
(1648, 'E1703', 'Integrated Asset Management', 'GAPPE017', 0, 5, 1),
(1649, 'C0123', 'Petroleum Reservoir Engineering', 'GAPPE017', 0, 5, 1),
(1650, 'C0163', 'Surface Production Operations', 'GAPPE017', 0, 5, 1),
(1651, 'C0116', 'Oil & Gas Processing Plant Design', 'GAPPE017', 0, 5, 1),
(1652, 'C0124', 'Pipeline Engineering', 'GAPPE017', 0, 5, 1),
(1653, 'C0027', 'Coal Bed Methane Engineering', 'GAPPE017', 0, 5, 1),
(1654, 'C0070', 'EOR Techniques', 'GAPPE017', 0, 5, 1),
(1655, 'C0082', 'HSE & FE in Petroleum Industry', 'GAPPE017', 0, 5, 1),
(1656, 'E1704', 'Petroleum Economics, Policies & Regulations', 'GAPPE017', 0, 5, 1),
(1657, 'C0152', 'Shale Gas Reservoir Engineering', 'GAPPE017', 0, 5, 1),
(1658, 'C0162', 'Subsea Engineering', 'GAPPE017', 0, 5, 1),
(1659, 'C0144', 'Reservoir Modelling & Simulation', 'GAPPE017', 0, 5, 1),
(1660, 'M1708', 'Formation Evaluation and Production Logging', 'PGAPPE017', 1, 7, 0),
(1661, 'M1709', 'Advanced Well Testing', 'PGAPPE017', 1, 7, 0),
(1662, 'M1710', 'Numerical Methods For Petroleum Engineers', 'PGAPPE017', 1, 7, 0),
(1663, 'M1711', 'Advanced Production Technologies', 'PGAPPE017', 1, 7, 0),
(1664, 'M1712', 'Petroleum Economics, Risk and Uncertainty Management', 'PGAPPE017', 1, 7, 0),
(1665, 'Elec1', 'Elective - I', 'PGAPPE017', 1, 8, 0),
(1666, 'Elec2', 'Elective - II', 'PGAPPE017', 1, 8, 0),
(1667, 'Elec3', 'Elective - III', 'PGAPPE017', 1, 8, 0),
(1668, 'M1713', 'Petroleum Geomechanics and Hydraulic Fracturing', 'PGAPPE017', 2, 7, 0),
(1669, 'M1714', 'Advanced Drilling Technology', 'PGAPPE017', 2, 7, 0),
(1670, 'C0145', 'Reservoir Simulation', 'PGAPPE017', 2, 7, 0),
(1671, 'M1715', 'Well Intervention, Workover and Stimulation Techniques', 'PGAPPE017', 2, 7, 0),
(1672, 'M1716', 'Fluid Flow Through Porous Media', 'PGAPPE017', 2, 7, 0),
(1673, 'Elec4', 'Elective - IV', 'PGAPPE017', 2, 8, 0),
(1674, 'Elec5', 'Elective - V', 'PGAPPE017', 2, 8, 0),
(1675, 'Proj6', 'Project/ Training Certificate', 'PGAPPE017', 2, 10, 0),
(1676, 'E1705', 'Enhanced Oil and Gas Recovery Methods', 'PGAPPE017', 0, 8, 1),
(1677, 'E1706', 'Profile Modification and Water Shut-Off', 'PGAPPE017', 0, 8, 1),
(1678, 'C0116', 'Oil & Gas Processing Plant Design', 'PGAPPE017', 0, 8, 1),
(1679, 'E1707', 'Carbon Capture, Utilization and Sequestration', 'PGAPPE017', 0, 8, 1),
(1680, 'E1708', 'Flow Assurance', 'PGAPPE017', 0, 8, 1),
(1681, 'E1709', 'Unconventional Hydrocarbon Resources', 'PGAPPE017', 0, 8, 1),
(1682, 'E1710', 'Health, Safety & Environment in Petroleum Industry', 'PGAPPE017', 0, 8, 1),
(1683, 'M1801', 'Safety Management', 'DAPHSEE018', 1, 4, 0),
(1684, 'M1802', 'Environmental Safety', 'DAPHSEE018', 1, 4, 0),
(1685, 'M1803', 'Fire Technology', 'DAPHSEE018', 1, 4, 0),
(1686, 'M1804', 'English Communication', 'DAPHSEE018', 1, 4, 0),
(1687, 'C0181', 'Occupational Health & Safety Management', 'DAPHSEE018', 2, 4, 0),
(1688, 'C0182', 'Fire Risk and Control', 'DAPHSEE018', 2, 4, 0),
(1689, 'C0183', 'Safety in Drilling', 'DAPHSEE018', 2, 4, 0),
(1690, 'C0184', 'Safety in Construction', 'DAPHSEE018', 2, 4, 0),
(1691, 'Elec1', 'Elective - I', 'DAPHSEE018', 2, 4, 0),
(1692, 'M1805', 'HSE in Process Industry', 'DAPHSEE018', 3, 4, 0),
(1693, 'C0185', 'Hazards Safety Measures in Process Industry', 'DAPHSEE018', 3, 4, 0),
(1694, 'M1806', 'Environmental Management in Infrastructure', 'DAPHSEE018', 3, 4, 0),
(1695, 'M1807', 'Environmental Management in Power', 'DAPHSEE018', 3, 4, 0),
(1696, 'Elec2', 'Elective - II', 'DAPHSEE018', 3, 4, 0),
(1697, 'Proj6', 'Project/ Training Certificate', 'DAPHSEE018', 3, 4, 0),
(1698, 'C0186', 'Water supply, Refugee Health and Sanitation in Emergency', 'DAPHSEE018', 0, 4, 1),
(1699, 'C0187', 'Petroleum Exploration & Petro Refinery', 'DAPHSEE018', 0, 4, 1),
(1700, 'C0188', 'HAZOP & HAZAN Techniques', 'DAPHSEE018', 0, 4, 1),
(1701, 'C0189', 'HSE in Infrastructure Industry', 'DAPHSEE018', 0, 4, 1),
(1702, 'C0190', 'Basics of Infrastructure Engineering', 'DAPHSEE018', 0, 4, 1),
(1703, 'C0191', 'Construction Safety', 'DAPHSEE018', 0, 4, 1),
(1704, 'C0192', 'Introduction to Power System', 'DAPHSEE018', 0, 4, 1),
(1705, 'C0193', 'Safety in Electrical Design', 'DAPHSEE018', 0, 4, 1),
(1706, 'E1801', 'HSE in Power Industry', 'DAPHSEE018', 0, 4, 1),
(1707, 'C0194', 'Environmental Engineering & Management', 'GAPHSEE018', 1, 5, 0),
(1708, 'C0195', 'Statutory Rules & Regulation', 'GAPHSEE018', 1, 5, 0),
(1709, 'C0181', 'Occupational Health & Safety Management', 'GAPHSEE018', 1, 5, 0),
(1710, 'M1808', 'Behavioral Based Safety Management', 'GAPHSEE018', 1, 5, 0),
(1711, 'C0196', 'Electrical Safety', 'GAPHSEE018', 2, 5, 0),
(1712, 'C0197', 'Safety in Industrial Operations & Design', 'GAPHSEE018', 2, 5, 0),
(1713, 'C0182', 'Fire Risk and Control', 'GAPHSEE018', 2, 5, 0),
(1714, 'C0183', 'Safety in Drilling', 'GAPHSEE018', 2, 5, 0),
(1715, 'C0198', 'Fundamentals of Sustainable Development', 'GAPHSEE018', 3, 5, 0),
(1716, 'C0184', 'Safety in Construction', 'GAPHSEE018', 3, 5, 0),
(1717, 'C0199', 'Hazard Identification, Risk Analysis and Management', 'GAPHSEE018', 3, 5, 0),
(1718, 'C0205', 'TPM and TQM', 'GAPHSEE018', 3, 5, 0),
(1719, 'Elec1', 'Elective - I', 'GAPHSEE018', 3, 5, 0),
(1720, 'Elec2', 'Elective - II', 'GAPHSEE018', 3, 5, 0),
(1721, 'C0200', 'Safety in Engineering Industry', 'GAPHSEE018', 4, 5, 0),
(1722, 'C0201', 'Concepts of Fire Safety in buildings, structures & Installations', 'GAPHSEE018', 4, 5, 0),
(1723, 'C0193', 'Safety in Electrical Design', 'GAPHSEE018', 4, 5, 0),
(1724, 'C0202', 'Fire Fighting Appliances and Operations', 'GAPHSEE018', 4, 5, 0),
(1725, 'Elec3', 'Elective - III', 'GAPHSEE018', 4, 5, 0),
(1726, 'Proj6', 'Project/ Training Certificate', 'GAPHSEE018', 4, 5, 0),
(1727, 'C0203', 'Green Fuels & Their Env. Impact', 'GAPHSEE018', 0, 5, 1),
(1728, 'C0204', 'Global Disaster Scenario and Types of Natural Disaster', 'GAPHSEE018', 0, 5, 1),
(1729, 'C0186', 'Water supply, Refugee Health and Sanitation in Emergency', 'GAPHSEE018', 0, 5, 1),
(1730, 'C0187', 'Petroleum Exploration & Petro Refinery', 'GAPHSEE018', 0, 5, 1),
(1731, 'C0188', 'HAZOP & HAZAN Techniques', 'GAPHSEE018', 0, 5, 1),
(1732, 'C0189', 'HSE in Infrastructure Industry', 'GAPHSEE018', 0, 5, 1),
(1733, 'C0190', 'Basics of Infrastructure Engineering', 'GAPHSEE018', 0, 5, 1),
(1734, 'C0191', 'Construction Safety', 'GAPHSEE018', 0, 5, 1),
(1735, 'C0192', 'Introduction to Power System', 'GAPHSEE018', 0, 5, 1),
(1736, 'C0193', 'Safety in Electrical Design', 'GAPHSEE018', 0, 5, 1),
(1737, 'C0194', 'Environmental Engineering & Management', 'PGAPHSEE018', 1, 7, 0),
(1738, 'C0195', 'Statutory Rules & Regulation', 'PGAPHSEE018', 1, 7, 0),
(1739, 'C0181', 'Occupational Health & Safety Management', 'PGAPHSEE018', 1, 7, 0),
(1740, 'M1809', 'Behaviourial Based Safety Management', 'PGAPHSEE018', 1, 7, 0),
(1741, 'C0196', 'Electrical Safety', 'PGAPHSEE018', 1, 7, 0),
(1742, 'Elec1', 'Elective - I', 'PGAPHSEE018', 1, 8, 0),
(1743, 'Elec2', 'Elective - II', 'PGAPHSEE018', 1, 8, 0),
(1744, 'Elec3', 'Elective - III', 'PGAPHSEE018', 1, 8, 0),
(1745, 'C0197', 'Safety in Industrial Operations & Design', 'PGAPHSEE018', 2, 7, 0),
(1746, 'C0182', 'Fire Risk and Control', 'PGAPHSEE018', 2, 7, 0),
(1747, 'C0183', 'Safety in Drilling', 'PGAPHSEE018', 2, 7, 0),
(1748, 'C0198', 'Fundamentals of Sustainable Development', 'PGAPHSEE018', 2, 7, 0),
(1749, 'C0184', 'Safety in Construction', 'PGAPHSEE018', 2, 7, 0),
(1750, 'Elec4', 'Elective - IV', 'PGAPHSEE018', 2, 8, 0),
(1751, 'Elec5', 'Elective - V', 'PGAPHSEE018', 2, 8, 0),
(1752, 'Proj6', 'Project/ Training Certificate', 'PGAPHSEE018', 2, 10, 0),
(1753, 'C0199', 'Hazard Identification, Risk Analysis and Management', 'PGAPHSEE018', 0, 8, 1),
(1754, 'C0205', 'TPM and TQM', 'PGAPHSEE018', 0, 8, 1),
(1755, 'C0200', 'Safety in Engineering Industry', 'PGAPHSEE018', 0, 8, 1),
(1756, 'C0188', 'HAZOP & HAZAN Techniques', 'PGAPHSEE018', 0, 8, 1),
(1757, 'C0185', 'Hazards Safety measures in Process Industry', 'PGAPHSEE018', 0, 8, 1),
(1758, 'C0201', 'Concepts of Fire Safety in buildings, structures & Installations', 'PGAPHSEE018', 0, 8, 1),
(1759, 'C0193', 'Safety in Electrical Design', 'PGAPHSEE018', 0, 8, 1),
(1760, 'C0202', 'Fire Fighting Appliances and Operations', 'PGAPHSEE018', 0, 8, 1),
(1761, 'C0203', 'Green Fuels & Their Env. Impact', 'PGAPHSEE018', 0, 8, 1),
(1762, 'C0204', 'Global Disaster Scenario and Types of Natural Disaster', 'PGAPHSEE018', 0, 8, 1),
(1763, 'C0186', 'Water supply, Refugee Health and Sanitation in Emergency', 'PGAPHSEE018', 0, 8, 1),
(1764, 'M1901', 'Organizational Behavior', 'DAPBM001', 1, 4, 0),
(1765, 'M1902', 'Human Resource Management', 'DAPBM001', 1, 4, 0),
(1766, 'M1903', 'Econometrics & Economics for Managers', 'DAPBM001', 1, 4, 0),
(1767, 'M1904', 'Financial Accounting', 'DAPBM001', 1, 4, 0),
(1768, 'M1905', 'Marketing Management', 'DAPBM001', 1, 4, 0),
(1769, 'PS1', 'Primary Specialization - I', 'DAPBM001', 2, 5, 0),
(1770, 'PS2', 'Primary Specialization - II', 'DAPBM001', 2, 5, 0),
(1771, 'PS3', 'Primary Specialization - III', 'DAPBM001', 2, 5, 0),
(1772, 'PS4', 'Primary Specialization - IV', 'DAPBM001', 2, 5, 0),
(1773, 'Proj0', 'Project', 'DAPBM001', 2, 10, 0),
(1774, 'M1906', 'Critical Thinking & Corporate Communication', 'GAPBM001', 1, 5, 0),
(1775, 'M1907', 'Econometrics & Economics for Managers', 'GAPBM001', 1, 5, 0),
(1776, 'M1908', 'Financial Accounting', 'GAPBM001', 1, 5, 0),
(1777, 'M1909', 'Principles of Management', 'GAPBM001', 1, 5, 0),
(1778, 'M1910', 'Organizational Behavior', 'GAPBM001', 1, 5, 0),
(1779, 'M1911', 'Human Resource Management', 'GAPBM001', 2, 5, 0),
(1780, 'M1912', 'Business & Technology', 'GAPBM001', 2, 5, 0),
(1781, 'M1913', 'Cost Accounting', 'GAPBM001', 2, 5, 0),
(1782, 'M1914', 'Production & Operations Management', 'GAPBM001', 2, 5, 0),
(1783, 'M1915', 'Marketing Management', 'GAPBM001', 2, 5, 0),
(1784, 'PS1', 'Primary Specialization - I', 'GAPBM001', 3, 6, 0),
(1785, 'PS2', 'Primary Specialization - II', 'GAPBM001', 3, 6, 0),
(1786, 'PS3', 'Primary Specialization - III', 'GAPBM001', 3, 6, 0),
(1787, 'PS4', 'Primary Specialization - IV', 'GAPBM001', 3, 6, 0),
(1788, 'PS5', 'Primary Specialization - V', 'GAPBM001', 3, 6, 0),
(1789, 'Proj0', 'Project', 'GAPBM001', 3, 10, 0),
(1790, 'M1916', 'Financial Accounting', 'PGAPBM001', 1, 5, 0),
(1791, 'M1917', 'Quantitative Techniques-I', 'PGAPBM001', 1, 5, 0),
(1792, 'M1918', 'Econometrics & Economics for Managers', 'PGAPBM001', 1, 5, 0),
(1793, 'M1919', 'Principles of Management', 'PGAPBM001', 1, 5, 0),
(1794, 'M1920', 'Organizational Behavior', 'PGAPBM001', 1, 5, 0),
(1795, 'M1921', 'Research Methodology', 'PGAPBM001', 1, 5, 0),
(1796, 'M1922', 'Critical Thinking & Corporate Communication', 'PGAPBM001', 1, 5, 0),
(1797, 'M1923', 'Financial Management', 'PGAPBM001', 2, 5, 0),
(1798, 'M1924', 'Quantitative Techniques-II', 'PGAPBM001', 2, 5, 0),
(1799, 'M1925', 'Marketing Management', 'PGAPBM001', 2, 5, 0),
(1800, 'M1926', 'Human Resource Management', 'PGAPBM001', 2, 5, 0),
(1801, 'M1927', 'Business & Technology', 'PGAPBM001', 2, 5, 0),
(1802, 'M1928', 'Cost Accounting', 'PGAPBM001', 2, 5, 0),
(1803, 'M1929', 'Production & Operations Management', 'PGAPBM001', 2, 5, 0),
(1804, 'M1930', 'International Business', 'PGAPBM001', 3, 5, 0),
(1805, 'M1931', 'Business Laws', 'PGAPBM001', 3, 5, 0),
(1806, 'PS1', 'Primary Specialization - I', 'PGAPBM001', 3, 5, 0),
(1807, 'PS2', 'Primary Specialization - II', 'PGAPBM001', 3, 5, 0),
(1808, 'PS3', 'Primary Specialization - III', 'PGAPBM001', 3, 5, 0),
(1809, 'SS1', 'Secondary Specialization - I', 'PGAPBM001', 3, 5, 0),
(1810, 'SS2', 'Secondary Specialization - II', 'PGAPBM001', 3, 5, 0),
(1811, 'M1932', 'Entrepreneurship Development & New Venture Planning', 'PGAPBM001', 4, 5, 0),
(1812, 'M1933', 'Managing Sustainable Development', 'PGAPBM001', 4, 5, 0),
(1813, 'M1934', 'Strategic Management', 'PGAPBM001', 4, 5, 0),
(1814, 'PS4', 'Primary Specialization - IV', 'PGAPBM001', 4, 5, 0),
(1815, 'PS5', 'Primary Specialization - V', 'PGAPBM001', 4, 5, 0),
(1816, 'SS3', 'Secondary Specialization - III', 'PGAPBM001', 4, 5, 0),
(1817, 'Proj0', 'Project', 'PGAPBM001', 4, 10, 0),
(1818, 'S1901', 'Derivatives & Risk Management', '', 0, 0, 0),
(1819, 'S1902', 'Investment Management', '', 0, 0, 0),
(1820, 'S1903', 'Management of Financial Services', '', 0, 0, 0),
(1821, 'S1904', 'Corporate Finance', '', 0, 0, 0),
(1822, 'S1905', 'Corporate Taxation', '', 0, 0, 0),
(1823, 'S1906', 'Corporate Restructuring', '', 0, 0, 0),
(1824, 'S1907', 'International Finance', '', 0, 0, 0),
(1825, 'S1908', 'Banking & Insurance', '', 0, 0, 0),
(1826, 'S1909', 'International Financial Management', '', 0, 0, 0),
(1827, 'S1910', 'Tax Planning (Indian)', '', 0, 0, 0),
(1828, 'S1911', 'Indian Financial System', '', 0, 0, 0),
(1829, 'S1912', 'Mergers & Acquisitions', '', 0, 0, 0),
(1830, 'S1913', 'Consumer Behavior', '', 0, 0, 0),
(1831, 'S1914', 'Integrated Marketing Communication', '', 0, 0, 0),
(1832, 'S1915', 'Sales and Distribution Management', '', 0, 0, 0),
(1833, 'S1916', 'Customer Relationship Management', '', 0, 0, 0),
(1834, 'S1917', 'Product & Brand Management', '', 0, 0, 0),
(1835, 'S1918', 'Digital Marketing', '', 0, 0, 0),
(1836, 'S1919', 'Services & Relationship Marketing', '', 0, 0, 0),
(1837, 'S1920', 'Retail Management', '', 0, 0, 0),
(1838, 'S1921', 'Consumer Psychology', '', 0, 0, 0),
(1839, 'S1922', 'E-Marketing', '', 0, 0, 0),
(1840, 'S1923', 'Marketing of Services', '', 0, 0, 0),
(1841, 'S1924', 'Retailing', '', 0, 0, 0),
(1842, 'S1925', 'Human Resource Development', '', 0, 0, 0),
(1843, 'S1926', 'Compensation Management', '', 0, 0, 0),
(1844, 'S1927', 'Management of Industrial Relations & Labor Legislations', '', 0, 0, 0),
(1845, 'S1928', 'Strategic Human Resource Management', '', 0, 0, 0),
(1846, 'S1929', 'Change Management & Organizational Development', '', 0, 0, 0),
(1847, 'S1930', 'Performance Management', '', 0, 0, 0),
(1848, 'S1931', 'International Human Resource Management', '', 0, 0, 0),
(1849, 'S1932', 'Talent Management', '', 0, 0, 0),
(1850, 'S1933', 'Managing Organization Development', '', 0, 0, 0),
(1851, 'S1934', 'Global HR Practices', '', 0, 0, 0),
(1852, 'S1935', 'Employee Compensation', '', 0, 0, 0),
(1853, 'S1936', 'Managing Talent', '', 0, 0, 0),
(1854, 'S1937', 'Human Resource Audit and TQM', '', 0, 0, 0),
(1855, 'S1938', 'Logistics Strategy and Planning', '', 0, 0, 0),
(1856, 'S1939', 'Warehouse and Distribution Facilities Management', '', 0, 0, 0),
(1857, 'S1940', 'Freight Transport management', '', 0, 0, 0),
(1858, 'S1941', 'International Logistics', '', 0, 0, 0),
(1859, 'S1942', 'Supply Chain Concepts and Planning', '', 0, 0, 0),
(1860, 'S1943', 'Material and Inventory Management', '', 0, 0, 0),
(1861, 'S1944', 'Purchasing and Strategic Sourcing', '', 0, 0, 0),
(1862, 'S1945', 'Customer Service and Relationship Management', '', 0, 0, 0),
(1863, 'S1946', 'International Economics', '', 0, 0, 0),
(1864, 'S1947', 'International Business Management', '', 0, 0, 0),
(1865, 'S1948', 'Economic Environment and Business', '', 0, 0, 0),
(1866, 'S1949', 'International Commercial Law', '', 0, 0, 0),
(1867, 'S1950', 'International (Trade) Logistics', '', 0, 0, 0),
(1868, 'S1951', 'Financial Institutions and Banking', '', 0, 0, 0),
(1869, 'S1952', 'Foreign Exchange Management', '', 0, 0, 0),
(1870, 'S1953', 'International Marketing', '', 0, 0, 0),
(1871, 'S1954', 'Exim Policies and Procedures', '', 0, 0, 0),
(1872, 'S1955', 'International Finance', '', 0, 0, 0),
(1873, 'S1956', 'Corporate Governance', '', 0, 0, 0),
(1874, 'S1957', 'Front office Theory', '', 0, 0, 0),
(1875, 'S1958', 'Principles of Tourism and Hotel Management', '', 0, 0, 0),
(1876, 'S1959', 'Financial accounting for Tourism and Hotel Business', '', 0, 0, 0),
(1877, 'S1960', 'Tourism Products of India', '', 0, 0, 0),
(1878, 'S1961', 'Food Production and Beverage Service', '', 0, 0, 0),
(1879, 'S1962', 'Travel Management', '', 0, 0, 0),
(1880, 'S1963', 'Central Reservation System Procedure', '', 0, 0, 0),
(1881, 'S1964', 'Bakery and Confectionary Theory', '', 0, 0, 0),
(1882, 'S1965', 'Cargo Management', '', 0, 0, 0),
(1883, 'S1966', 'Food safety and Nutrition', '', 0, 0, 0),
(1884, 'S1967', 'Tourism Planning', '', 0, 0, 0),
(1885, 'S1968', 'Tourism Hospitality and Marketing Management', '', 0, 0, 0),
(1886, 'S1969', 'Legal Framework for Tourism and Hotel', '', 0, 0, 0),
(1887, 'S1970', 'Hotel Facility Management', '', 0, 0, 0),
(1888, 'S1971', 'IT for Tourism and Hotel', '', 0, 0, 0),
(1889, 'S1972', 'Introduction to Project Management and Processes', '', 0, 0, 0),
(1890, 'S1973', 'Project Scope Management', '', 0, 0, 0),
(1891, 'S1974', 'Project Schedule Management', '', 0, 0, 0),
(1892, 'S1975', 'Project Cost Management', '', 0, 0, 0),
(1893, 'S1976', 'Project Quality Management', '', 0, 0, 0),
(1894, 'S1977', 'Project Human Resource and Project Communication Management', '', 0, 0, 0),
(1895, 'S1978', 'Project Risk management', '', 0, 0, 0),
(1896, 'S1979', 'Introduction to Agile Methodology', '', 0, 0, 0),
(1897, 'S1980', 'Project Procurement Management', '', 0, 0, 0),
(1898, 'S1981', 'Project Integration Management', '', 0, 0, 0),
(1899, 'S1982', 'Project Stakeholder Management', '', 0, 0, 0),
(1900, 'S1983', 'Six Sigma', '', 0, 0, 0),
(1901, 'S1984', 'Green Building Methodology', '', 0, 0, 0),
(1902, 'S1985', 'Project Planning and Management', '', 0, 0, 0),
(1903, 'S1986', 'Contract Laws & Regulations', '', 0, 0, 0),
(1904, 'S1987', 'Construction Cost Analysis & Finances', '', 0, 0, 0),
(1905, 'S1988', 'Quality & Safety Practices in construction', '', 0, 0, 0),
(1906, 'S1989', 'Construction Equipment Management', '', 0, 0, 0),
(1907, 'S1990', 'Quantitative Methods in Construction Managements', '', 0, 0, 0),
(1908, 'S1991', 'Estimation and Quantity Surveying', '', 0, 0, 0),
(1909, 'S1992', 'Environment Health and Safety', '', 0, 0, 0),
(1910, 'S1993', 'Information Technology Concepts', '', 0, 0, 0),
(1911, 'S1994', 'Database Management Systems', '', 0, 0, 0),
(1912, 'S1995', 'Algorithms and Programming Concepts', '', 0, 0, 0),
(1913, 'S1996', 'Business Requirement Analysis', '', 0, 0, 0),
(1914, 'S1997', 'Project Management (IT)', '', 0, 0, 0),
(1915, 'S1998', 'Business Applications and ERP', '', 0, 0, 0),
(1916, 'S1999', 'Software Engineering with UML', '', 0, 0, 0),
(1917, 'S2000', 'Software Quality Management', '', 0, 0, 0),
(1918, 'S2001', 'Current Trends in IT', '', 0, 0, 0),
(1919, 'S2002', 'Data Warehousing and Data Mining', '', 0, 0, 0),
(1920, 'S2003', 'E-Business', '', 0, 0, 0),
(1921, 'S2004', 'Information Security Management', '', 0, 0, 0),
(1922, 'S2005', 'Software Documentation', '', 0, 0, 0),
(1923, 'S2006', 'Current Trends in IT', '', 0, 0, 0),
(1924, 'S2007', 'Business Process Modeling', '', 0, 0, 0),
(1925, 'S2008', 'Cloud Computing', '', 0, 0, 0),
(1926, 'S2009', 'Principles of Mass Communication', '', 0, 0, 0),
(1927, 'S2010', 'Development of Media', '', 0, 0, 0),
(1928, 'S2011', 'Print Media', '', 0, 0, 0),
(1929, 'S2012', 'Electronic Media', '', 0, 0, 0),
(1930, 'S2013', 'Advertising', '', 0, 0, 0),
(1931, 'S2014', 'Development Communication', '', 0, 0, 0),
(1932, 'S2015', 'Communication Research', '', 0, 0, 0),
(1933, 'S2016', 'Media Laws and Ethics', '', 0, 0, 0),
(1934, 'S2017', 'International Communications', '', 0, 0, 0),
(1935, 'S2018', 'Media Management', '', 0, 0, 0),
(1936, 'S2019', 'Radio', '', 0, 0, 0),
(1937, 'S2020', 'Television Journalism and Production', '', 0, 0, 0),
(1938, 'S2021', 'Public Relation and Corporate Communication', '', 0, 0, 0),
(1939, 'S2022', 'New Media Applications', '', 0, 0, 0),
(1940, 'S2023', 'Inter-cultural Communications', '', 0, 0, 0),
(1941, 'S2024', 'Safety Management', '', 0, 0, 0),
(1942, 'S2025', 'Envirnomental Management', '', 0, 0, 0),
(1943, 'S2026', 'Fire Management', '', 0, 0, 0),
(1944, 'S2027', 'English Communication', '', 0, 0, 0),
(1945, 'S2028', 'Construction Safety', '', 0, 0, 0),
(1946, 'S2029', 'Industrial Safety', '', 0, 0, 0),
(1947, 'S2030', 'Design & Installation', '', 0, 0, 0),
(1948, 'S2031', 'Tourism Concepts and Linkage', '', 0, 0, 0),
(1949, 'S2032', 'Global Tourism Geography', '', 0, 0, 0),
(1950, 'S2033', 'Travel Agency and Tour Operation Business', '', 0, 0, 0),
(1951, 'S2034', 'International Tourism', '', 0, 0, 0),
(1952, 'S2035', 'Managerial Economics for Tourism', '', 0, 0, 0),
(1953, 'S2036', 'Tourism Marketing', '', 0, 0, 0),
(1954, 'S2037', 'Cultural Tourism Resources of India', '', 0, 0, 0),
(1955, 'S2038', 'Tourism Transportation', '', 0, 0, 0),
(1956, 'S2039', 'Hospitality, Hotel and Hoteliering', '', 0, 0, 0),
(1957, 'S2040', 'Destination Planning and Management', '', 0, 0, 0),
(1958, 'PS1', 'Primary Specialization - I', '', 0, 0, 0),
(1959, 'PS2', 'Primary Specialization - II', '', 0, 0, 0),
(1960, 'PS3', 'Primary Specialization - III', '', 0, 0, 0),
(1961, 'PS4', 'Primary Specialization - IV', '', 0, 0, 0),
(1962, 'PS5', 'Primary Specialization - V', '', 0, 0, 0),
(1963, 'PS6', 'Primary Specialization - VI', '', 0, 0, 0),
(1964, 'PS7', 'Primary Specialization - VII', '', 0, 0, 0),
(1965, 'PS8', 'Primary Specialization - VIII', '', 0, 0, 0),
(1966, 'PS9', 'Primary Specialization - IX', '', 0, 0, 0),
(1967, 'PS10', 'Primary Specialization - X', '', 0, 0, 0),
(1968, 'SS1', 'Secondary Specialization - I', '', 0, 0, 0),
(1969, 'SS2', 'Secondary Specialization - II', '', 0, 0, 0),
(1970, 'SS3', 'Secondary Specialization - III', '', 0, 0, 0),
(1971, 'SS4', 'Secondary Specialization - IV', '', 0, 0, 0),
(1972, 'SS5', 'Secondary Specialization - V', '', 0, 0, 0),
(1973, 'SS6', 'Secondary Specialization - VI', '', 0, 0, 0),
(1974, 'SS7', 'Secondary Specialization - VII', '', 0, 0, 0),
(1975, 'SS8', 'Secondary Specialization - VIII', '', 0, 0, 0),
(1976, 'SS9', 'Secondary Specialization - IX', '', 0, 0, 0),
(1977, 'SS10', 'Secondary Specialization - X', '', 0, 0, 0),
(1978, 'Elec0', 'Elective', '', 0, 0, 0),
(1979, 'Elec1', 'Elective - I', '', 0, 0, 0),
(1980, 'Elec2', 'Elective - II', '', 0, 0, 0),
(1981, 'Elec3', 'Elective - III', '', 0, 0, 0),
(1982, 'Elec4', 'Elective - IV', '', 0, 0, 0),
(1983, 'Elec5', 'Elective - V', '', 0, 0, 0),
(1984, 'Elec6', 'Elective - VI', '', 0, 0, 0),
(1985, 'Elec7', 'Elective - VII', '', 0, 0, 0),
(1986, 'Elec8', 'Elective - VIII', '', 0, 0, 0),
(1987, 'Elec9', 'Elective - IX', '', 0, 0, 0),
(1988, 'Elec10', 'Elective - X', '', 0, 0, 0),
(1989, 'Proj0', 'Project', '', 0, 0, 0),
(1990, 'Proj1', 'Project - I', '', 0, 0, 0),
(1991, 'Proj2', 'Project - II', '', 0, 0, 0),
(1992, 'Proj3', 'Peoject - III', '', 0, 0, 0),
(1993, 'Proj4', 'Project - IV', '', 0, 0, 0),
(1994, 'Proj5', 'Project - V', '', 0, 0, 0),
(1995, 'Proj6', 'Project/ Training Certificate', '', 0, 0, 0),
(1996, 'Proj7', 'Project/ Training Certificate - I', '', 0, 0, 0),
(1997, 'Proj8', 'Project/ Training Certificate - II', '', 0, 0, 0),
(1998, 'Proj9', 'Project/ Training Certificate - III', '', 0, 0, 0),
(1999, 'Proj10', 'Project/ Training Certificate - IV', '', 0, 0, 0);

-- --------------------------------------------------------

--
-- Table structure for table `heysushil_course_types`
--

CREATE TABLE `heysushil_course_types` (
  `id` int(8) NOT NULL,
  `course_type_id` int(5) NOT NULL,
  `course_type_name` varchar(100) NOT NULL
) ENGINE=InnoDB DEFAULT CHARSET=utf8mb4;

--
-- Dumping data for table `heysushil_course_types`
--

INSERT INTO `heysushil_course_types` (`id`, `course_type_id`, `course_type_name`) VALUES
(1, 1, 'Engineering'),
(2, 2, 'Management'),
(3, 3, 'Short Term');

-- --------------------------------------------------------

--
-- Table structure for table `heysushil_email_data`
--

CREATE TABLE `heysushil_email_data` (
  `id` int(10) NOT NULL,
  `type` varchar(100) DEFAULT NULL,
  `form_name` varchar(200) DEFAULT NULL,
  `name` varchar(100) DEFAULT NULL,
  `email` varchar(100) DEFAULT NULL,
  `phone` varchar(100) DEFAULT NULL,
  `address` varchar(1000) DEFAULT NULL,
  `positionapplied` varchar(100) DEFAULT NULL,
  `resume_name` varchar(1000) DEFAULT NULL,
  `resume_name_enc` varchar(1000) DEFAULT NULL
) ENGINE=InnoDB DEFAULT CHARSET=utf8mb4;

-- --------------------------------------------------------

--
-- Table structure for table `heysushil_instructors`
--

CREATE TABLE `heysushil_instructors` (
  `id` int(11) NOT NULL,
  `name` varchar(50) NOT NULL,
  `phone` varchar(50) NOT NULL,
  `email` varchar(50) NOT NULL,
  `prev_teaching` text NOT NULL,
  `offered_course` varchar(200) NOT NULL,
  `contrib_to_administration` varchar(1000) NOT NULL,
  `experienced` varchar(50) NOT NULL,
  `kind_of_institution` varchar(1000) NOT NULL,
  `philosophy` varchar(1000) NOT NULL,
  `professional_goals` varchar(1000) NOT NULL,
  `status` int(1) NOT NULL
) ENGINE=InnoDB DEFAULT CHARSET=latin1;

--
-- Dumping data for table `heysushil_instructors`
--

INSERT INTO `heysushil_instructors` (`id`, `name`, `phone`, `email`, `prev_teaching`, `offered_course`, `contrib_to_administration`, `experienced`, `kind_of_institution`, `philosophy`, `professional_goals`, `status`) VALUES
(30, 'Amit Kumar Chaudhary', '+917607696965', 'amit631308@gmail.com', 'Informal', '', '', 'I am a beginner', '', '', '', 1),
(32, 'Amit Kumar Chaudhary', '+917607696965', 'amit631308@gmail.com', 'Informal', '', '', 'I am a beginner', '', '', '', 0),
(34, 'Amit Kumar Chaudhary', '+917607696965', 'amit631308@gmail.com', 'Informal', '', '', 'I am a beginner', '', '', '', 0),
(35, 'Amit Kumar Chaudhary', '+917607696965', 'amit631308@gmail.com', 'Informal', '', '', 'I am a beginner', '', '', '', 0),
(36, 'Amit Kumar Chaudhary', '+917607696965', 'amit631308@gmail.com', 'Informal', '', '', 'I am a beginner', '', '', '', 0),
(37, 'Amit Kumar Chaudhary', '+917607696965', 'amit631308@gmail.com', 'Informal', '', '', 'I am a beginner', '', '', '', 0);

-- --------------------------------------------------------

--
-- Table structure for table `heysushil_user_types`
--

CREATE TABLE `heysushil_user_types` (
  `id` int(8) NOT NULL,
  `ut_number` int(5) NOT NULL,
  `type` varchar(50) NOT NULL
) ENGINE=InnoDB DEFAULT CHARSET=utf8mb4;

--
-- Dumping data for table `heysushil_user_types`
--

INSERT INTO `heysushil_user_types` (`id`, `ut_number`, `type`) VALUES
(1, 1, 'admin'),
(2, 2, 'manager');

--
-- Indexes for dumped tables
--

--
-- Indexes for table `heysushil_admin`
--
ALTER TABLE `heysushil_admin`
  ADD PRIMARY KEY (`id`);

--
-- Indexes for table `heysushil_career`
--
ALTER TABLE `heysushil_career`
  ADD PRIMARY KEY (`id`);

--
-- Indexes for table `heysushil_courses`
--
ALTER TABLE `heysushil_courses`
  ADD PRIMARY KEY (`id`);

--
-- Indexes for table `heysushil_course_behaviour`
--
ALTER TABLE `heysushil_course_behaviour`
  ADD PRIMARY KEY (`id`);

--
-- Indexes for table `heysushil_course_levels`
--
ALTER TABLE `heysushil_course_levels`
  ADD PRIMARY KEY (`id`);

--
-- Indexes for table `heysushil_course_other_feilds`
--
ALTER TABLE `heysushil_course_other_feilds`
  ADD PRIMARY KEY (`id`);

--
-- Indexes for table `heysushil_course_related_subjects`
--
ALTER TABLE `heysushil_course_related_subjects`
  ADD PRIMARY KEY (`id`);

--
-- Indexes for table `heysushil_course_types`
--
ALTER TABLE `heysushil_course_types`
  ADD PRIMARY KEY (`id`);

--
-- Indexes for table `heysushil_email_data`
--
ALTER TABLE `heysushil_email_data`
  ADD PRIMARY KEY (`id`);

--
-- Indexes for table `heysushil_instructors`
--
ALTER TABLE `heysushil_instructors`
  ADD PRIMARY KEY (`id`);

--
-- Indexes for table `heysushil_user_types`
--
ALTER TABLE `heysushil_user_types`
  ADD PRIMARY KEY (`id`);

--
-- AUTO_INCREMENT for dumped tables
--

--
-- AUTO_INCREMENT for table `heysushil_admin`
--
ALTER TABLE `heysushil_admin`
  MODIFY `id` int(8) NOT NULL AUTO_INCREMENT, AUTO_INCREMENT=2;

--
-- AUTO_INCREMENT for table `heysushil_career`
--
ALTER TABLE `heysushil_career`
  MODIFY `id` int(8) NOT NULL AUTO_INCREMENT, AUTO_INCREMENT=12;

--
-- AUTO_INCREMENT for table `heysushil_courses`
--
ALTER TABLE `heysushil_courses`
  MODIFY `id` int(8) NOT NULL AUTO_INCREMENT, AUTO_INCREMENT=70;

--
-- AUTO_INCREMENT for table `heysushil_course_behaviour`
--
ALTER TABLE `heysushil_course_behaviour`
  MODIFY `id` int(8) NOT NULL AUTO_INCREMENT, AUTO_INCREMENT=3;

--
-- AUTO_INCREMENT for table `heysushil_course_levels`
--
ALTER TABLE `heysushil_course_levels`
  MODIFY `id` int(8) NOT NULL AUTO_INCREMENT, AUTO_INCREMENT=4;

--
-- AUTO_INCREMENT for table `heysushil_course_other_feilds`
--
ALTER TABLE `heysushil_course_other_feilds`
  MODIFY `id` int(8) NOT NULL AUTO_INCREMENT;

--
-- AUTO_INCREMENT for table `heysushil_course_related_subjects`
--
ALTER TABLE `heysushil_course_related_subjects`
  MODIFY `id` int(8) NOT NULL AUTO_INCREMENT, AUTO_INCREMENT=2000;

--
-- AUTO_INCREMENT for table `heysushil_course_types`
--
ALTER TABLE `heysushil_course_types`
  MODIFY `id` int(8) NOT NULL AUTO_INCREMENT, AUTO_INCREMENT=4;

--
-- AUTO_INCREMENT for table `heysushil_email_data`
--
ALTER TABLE `heysushil_email_data`
  MODIFY `id` int(10) NOT NULL AUTO_INCREMENT;

--
-- AUTO_INCREMENT for table `heysushil_instructors`
--
ALTER TABLE `heysushil_instructors`
  MODIFY `id` int(11) NOT NULL AUTO_INCREMENT, AUTO_INCREMENT=40;

--
-- AUTO_INCREMENT for table `heysushil_user_types`
--
ALTER TABLE `heysushil_user_types`
  MODIFY `id` int(8) NOT NULL AUTO_INCREMENT, AUTO_INCREMENT=3;
COMMIT;

/*!40101 SET CHARACTER_SET_CLIENT=@OLD_CHARACTER_SET_CLIENT */;
/*!40101 SET CHARACTER_SET_RESULTS=@OLD_CHARACTER_SET_RESULTS */;
/*!40101 SET COLLATION_CONNECTION=@OLD_COLLATION_CONNECTION */;
